timestamp,frame,state,shoulder_x,shoulder_y,elbow_x,elbow_y,wrist_x,wrist_y,raw_upper,filtered_upper,raw_elbow,filtered_elbow,raw_forearm,filtered_forearm,delta_upper,delta_elbow,delta_forearm,mapped_joint2,joint2,mapped_joint3,joint3,mapped_joint5,joint5,openness,joint7
728903.0480,31,LOST_SHORT,594.1,1030.5,366.0,925.1,583.9,657.6,155.20,0.00,104.38,0.00,50.82,0.00,0.00,0.00,0.00,0.0000,0.0000,0.0000,0.0000,0.0000,0.0000,1.000,0.03500
728903.0812,32,LOST_SHORT,588.0,1030.3,371.0,917.7,586.4,657.1,152.60,0.00,102.17,0.00,50.43,0.00,0.00,0.00,0.00,0.0000,0.0000,0.0000,0.0000,0.0000,0.0000,1.000,0.03500
728903.1146,33,LOST_SHORT,595.1,1020.8,372.7,917.3,590.1,655.2,155.05,0.00,104.73,0.00,50.32,0.00,0.00,0.00,0.00,0.0000,0.0000,0.0000,0.0000,0.0000,0.0000,1.000,0.03500
728903.1481,34,LOST_SHORT,597.6,1018.4,376.6,914.5,595.4,651.2,154.82,0.00,104.55,0.00,50.26,0.00,0.00,0.00,0.00,0.0000,0.0000,0.0000,0.0000,0.0000,0.0000,1.000,0.03500
728903.1814,35,LOST_SHORT,597.5,1018.0,377.1,910.5,594.6,650.7,154.01,0.00,103.95,0.00,50.06,0.00,0.00,0.00,0.00,0.0000,0.0000,0.0000,0.0000,0.0000,0.0000,1.000,0.03500
728903.2146,36,LOST_SHORT,598.1,1017.0,380.1,908.1,595.7,649.3,153.47,0.00,103.26,0.00,50.21,0.00,0.00,0.00,0.00,0.0000,0.0000,0.0000,0.0000,0.0000,0.0000,1.000,0.03500
728903.2480,37,LOST_SHORT,617.7,999.0,384.2,905.5,596.9,647.7,158.18,0.00,107.70,0.00,50.49,0.00,0.00,0.00,0.00,0.0000,0.0000,0.0000,0.0000,0.0000,0.0000,1.000,0.03500
728903.2814,38,LOST_SHORT,608.7,993.4,382.1,905.7,599.2,646.9,158.84,0.00,108.83,0.00,50.01,0.00,0.00,0.00,0.00,0.0000,0.0000,0.0000,0.0000,0.0000,0.0000,1.000,0.03500
728903.3152,39,LOST_SHORT,606.0,1009.4,379.4,911.4,599.5,644.2,156.62,0.00,106.09,0.00,50.53,0.00,0.00,0.00,0.00,0.0000,0.0000,0.0000,0.0000,0.0000,0.0000,1.000,0.03500
728903.3480,40,LOST_SHORT,623.6,994.5,391.6,903.3,602.2,645.4,158.53,0.00,107.76,0.00,50.77,0.00,0.00,0.00,0.00,0.0000,0.0000,0.0000,0.0000,0.0000,0.0000,1.000,0.03500
728903.3814,41,LOST_SHORT,622.6,996.6,393.0,904.3,601.7,646.2,158.09,0.00,107.04,0.00,51.05,0.00,0.00,0.00,0.00,0.0000,0.0000,0.0000,0.0000,0.0000,0.0000,1.000,0.03500
728903.4146,42,LOST_SHORT,612.9,991.8,383.3,902.2,604.9,645.7,158.70,0.00,109.53,0.00,49.17,0.00,0.00,0.00,0.00,0.0000,0.0000,0.0000,0.0000,0.0000,0.0000,1.000,0.03500
728903.4482,43,LOST_SHORT,613.5,990.0,382.2,901.3,602.8,643.0,159.02,0.00,109.51,0.00,49.51,0.00,0.00,0.00,0.00,0.0000,0.0000,0.0000,0.0000,0.0000,0.0000,1.000,0.03500
728903.4812,44,LOST_SHORT,622.9,992.4,402.7,898.0,593.6,632.2,156.79,0.00,102.47,0.00,54.32,0.00,0.00,0.00,0.00,0.0000,0.0000,0.0000,0.0000,0.0000,0.0000,1.000,0.03500
728903.5147,45,LOST_SHORT,627.8,986.0,405.2,881.6,573.1,608.9,154.87,0.00,96.49,0.00,58.37,0.00,0.00,0.00,0.00,0.0000,0.0000,0.0000,0.0000,0.0000,0.0000,1.000,0.03500
728903.5480,46,LOST_SHORT,594.5,1009.7,381.9,879.9,537.7,590.8,148.58,0.00,86.89,0.00,61.68,0.00,0.00,0.00,0.00,0.0000,0.0000,0.0000,0.0000,0.0000,0.0000,1.000,0.03500
728903.5814,47,LOST_LONG,587.4,1008.3,388.7,877.4,522.6,585.9,146.61,0.00,81.27,0.00,65.34,0.00,0.00,0.00,0.00,0.0000,0.0000,0.0000,0.0000,0.0000,0.0000,1.000,0.03500
728903.6146,48,LOST_LONG,587.4,992.8,390.0,890.2,482.7,568.1,152.54,0.00,78.59,0.00,73.95,0.00,0.00,0.00,0.00,0.0000,0.0000,0.0000,0.0000,0.0000,0.0000,1.000,0.03500
728903.6482,49,LOST_LONG,605.1,1000.5,429.6,905.5,495.4,627.4,151.55,0.00,74.87,0.00,76.68,0.00,0.00,0.00,0.00,0.0000,0.0000,0.0000,0.0000,0.0000,0.0000,1.000,0.03500
728903.6814,50,LOST_LONG,0.0,0.0,0.0,0.0,0.0,0.0,0.00,0.00,0.00,0.00,0.00,0.00,0.00,0.00,0.00,0.0000,0.0000,0.0000,0.0000,0.0000,0.0000,1.000,0.03500
728903.7147,51,LOST_LONG,611.9,1002.7,447.0,908.1,344.5,589.1,150.16,0.00,42.34,0.00,107.81,0.00,0.00,0.00,0.00,0.0000,0.0000,0.0000,0.0000,0.0000,0.0000,1.000,0.03500
728903.7479,52,TRACKING,557.7,969.6,395.6,902.9,346.7,546.8,157.65,0.00,59.83,0.00,97.82,0.00,0.00,0.00,0.00,0.0000,0.0000,0.0000,0.0000,0.0000,0.0000,1.000,0.03500
728903.7813,53,TRACKING,551.6,946.9,402.8,842.2,297.5,550.1,144.85,0.00,35.03,0.00,109.82,0.00,0.00,0.00,0.00,0.0000,0.0000,0.0000,0.0000,0.0000,0.0000,1.000,0.03500
728903.8147,54,TRACKING,562.0,923.3,440.8,840.4,242.6,582.3,145.62,0.00,18.11,0.00,127.52,0.00,0.00,0.00,0.00,0.0000,0.0000,0.0000,0.0000,0.0000,0.0000,1.000,0.03500
728903.8480,55,TRACKING,526.0,911.4,465.5,848.7,190.1,603.9,133.94,0.00,4.43,0.00,138.37,0.00,0.00,0.00,0.00,0.0000,0.0000,0.0000,0.0000,0.0000,0.0000,1.000,0.03500
728903.8814,56,LOST_SHORT,574.9,934.1,469.6,850.9,173.7,625.4,141.69,0.00,1.01,0.00,142.70,0.00,0.00,0.00,0.00,0.0000,0.0000,0.0000,0.0000,0.0000,0.0000,1.000,0.03500
728903.9146,57,LOST_SHORT,521.0,911.7,477.7,873.0,159.4,644.5,138.26,0.00,6.06,0.00,144.32,0.00,0.00,0.00,0.00,0.0000,0.0000,0.0000,0.0000,0.0000,0.0000,1.000,0.03500
728903.9479,58,LOST_SHORT,468.0,884.4,454.2,849.5,166.8,661.2,111.61,0.00,35.16,0.00,146.77,0.00,0.00,0.00,0.00,0.0000,0.0000,0.0000,0.0000,0.0000,0.0000,1.000,0.03500
728903.9812,59,LOST_SHORT,541.7,830.8,496.5,850.8,177.2,676.8,-156.13,0.00,52.45,0.00,151.42,0.00,0.00,0.00,0.00,0.0000,0.0000,0.0000,0.0000,0.0000,0.0000,1.000,0.03500
728904.0146,60,LOST_SHORT,554.4,840.0,545.7,849.6,200.7,681.1,-132.19,0.00,73.84,0.00,153.97,0.00,0.00,0.00,0.00,0.0000,0.6000,0.0000,-0.6000,0.0000,0.0000,1.000,0.03500
728904.0480,61,LOST_SHORT,594.8,793.5,600.8,839.0,233.2,684.2,-82.44,0.00,120.39,0.00,157.17,0.00,0.00,0.00,0.00,0.0000,0.6000,0.0000,-0.6000,0.0000,0.0000,1.000,0.03500
728904.0814,62,LOST_SHORT,0.0,0.0,0.0,0.0,0.0,0.0,0.00,0.00,0.00,0.00,0.00,0.00,0.00,0.00,0.00,0.0000,0.6000,0.0000,-0.6000,0.0000,0.0000,1.000,0.03500
728904.1146,63,LOST_SHORT,596.0,639.3,610.6,800.3,312.9,662.9,-84.80,0.00,119.97,0.00,155.23,0.00,0.00,0.00,0.00,0.0000,0.6000,0.0000,-0.6000,0.0000,0.0000,1.000,0.03500
728904.1479,64,LOST_SHORT,528.0,783.8,555.6,798.4,295.0,689.4,-27.83,0.00,174.87,0.00,157.30,0.00,0.00,0.00,0.00,0.0000,0.6000,0.0000,-0.6000,0.0000,0.0000,1.000,0.03500
728904.1812,65,LOST_SHORT,604.2,820.8,622.7,833.6,307.4,694.2,-34.54,0.00,169.32,0.00,156.14,0.00,0.00,0.00,0.00,0.0000,0.6000,0.0000,-0.6000,0.0000,0.0000,1.000,0.03500
728904.2146,66,LOST_SHORT,603.3,813.5,617.1,827.4,317.3,697.7,-45.16,0.00,158.23,0.00,156.61,0.00,0.00,0.00,0.00,0.0000,0.6000,0.0000,-0.6000,0.0000,0.0000,1.000,0.03500
728904.2480,67,LOST_SHORT,564.4,823.5,583.8,808.0,317.9,709.4,38.54,0.00,121.12,0.00,159.66,0.00,0.00,0.00,0.00,0.0000,0.6000,0.0000,-0.6000,0.0000,0.0000,1.000,0.03500
728904.2813,68,LOST_SHORT,558.7,828.3,590.9,831.9,310.1,715.9,-6.34,0.00,163.91,0.00,157.56,0.00,0.00,0.00,0.00,0.0000,0.6000,0.0000,-0.6000,0.0000,0.0000,0.840,0.03500
728904.3146,69,LOST_SHORT,605.8,800.8,627.3,841.2,312.3,717.5,-61.94,0.00,139.50,0.00,158.56,0.00,0.00,0.00,0.00,0.0000,0.6000,0.0000,-0.6000,0.0000,0.0000,0.598,0.02239
728904.3480,70,LOST_LONG,600.7,783.8,626.1,838.2,318.4,708.3,-65.06,0.00,137.83,0.00,157.11,0.00,0.00,0.00,0.00,0.0000,0.6000,0.0000,-0.6000,0.0000,0.0000,0.637,0.02437
728904.3813,71,LOST_LONG,608.2,808.4,632.2,819.0,351.2,684.7,-23.91,0.00,178.36,0.00,154.45,0.00,0.00,0.00,0.00,0.0000,0.6000,0.0000,-0.6000,0.0000,0.0000,1.000,0.03500
728904.4146,72,LOST_LONG,637.4,834.1,628.1,802.5,369.2,681.5,106.30,0.00,48.65,0.00,154.95,0.00,0.00,0.00,0.00,0.0000,0.6000,0.0000,-0.6000,0.0000,0.0000,1.000,0.03500
728904.4480,73,LOST_LONG,665.2,851.4,637.8,830.8,369.7,676.3,143.09,0.00,6.95,0.00,150.04,0.00,0.00,0.00,0.00,0.0000,0.6000,0.0000,-0.6000,0.0000,0.0000,1.000,0.03500
728904.4813,74,LOST_LONG,662.2,857.7,643.8,830.7,368.1,678.8,124.27,0.00,26.88,0.00,151.15,0.00,0.00,0.00,0.00,0.0000,0.6000,0.0000,-0.6000,0.0000,0.0000,1.000,0.03500
728904.5147,75,LOST_LONG,625.4,823.1,635.2,821.6,358.7,684.4,8.47,0.00,145.13,0.00,153.60,0.00,0.00,0.00,0.00,0.0000,0.6000,0.0000,-0.6000,0.0000,0.0000,1.000,0.03500
728904.5480,76,LOST_LONG,629.2,865.2,641.6,837.5,348.1,693.0,65.97,0.00,87.81,0.00,153.78,0.00,0.00,0.00,0.00,0.0000,0.6000,0.0000,-0.6000,0.0000,0.0000,1.000,0.03500
728904.5814,77,LOST_LONG,614.0,862.5,639.2,846.4,334.8,699.9,32.60,0.00,121.70,0.00,154.30,0.00,0.00,0.00,0.00,0.0000,0.6000,0.0000,-0.6000,0.0000,0.0000,0.887,0.03500
728904.6147,78,LOST_LONG,611.6,845.3,645.4,861.6,326.2,706.6,-25.71,0.00,179.82,0.00,154.10,0.00,0.00,0.00,0.00,0.0000,0.6000,0.0000,-0.6000,0.0000,0.0000,0.598,0.02239
728904.6480,79,LOST_LONG,616.6,839.1,654.6,868.6,315.5,709.1,-37.78,0.00,167.41,0.00,154.81,0.00,0.00,0.00,0.00,0.0000,0.6000,0.0000,-0.6000,0.0000,0.0000,0.672,0.02610
728904.6814,80,LOST_LONG,627.2,881.7,658.7,877.5,308.5,712.9,7.51,0.00,147.31,0.00,154.82,0.00,0.00,0.00,0.00,0.0000,0.6000,0.0000,-0.6000,0.0000,0.0000,1.000,0.03500
728904.7147,81,LOST_LONG,635.5,893.9,651.6,881.2,296.7,723.4,38.24,0.00,117.78,0.00,156.03,0.00,0.00,0.00,0.00,0.0000,0.6000,0.0000,-0.6000,0.0000,0.0000,1.000,0.03500
728904.7480,82,LOST_LONG,643.7,893.5,655.0,896.2,293.7,733.9,-13.32,0.00,169.13,0.00,155.81,0.00,0.00,0.00,0.00,0.0000,0.6000,0.0000,-0.6000,0.0000,0.0000,1.000,0.03500
728904.7813,83,LOST_LONG,646.3,906.3,651.4,905.3,286.2,745.2,0.00,0.00,0.00,0.00,0.00,0.00,0.00,0.00,0.00,0.0000,0.6000,0.0000,-0.6000,0.0000,0.0000,1.000,0.03500
728904.8146,84,LOST_LONG,657.5,906.0,652.8,915.0,282.1,749.4,-117.92,0.00,86.14,0.00,155.93,0.00,0.00,0.00,0.00,0.0000,0.6000,0.0000,-0.6000,0.0000,0.0000,1.000,0.03500
728904.8481,85,LOST_LONG,604.5,904.9,605.1,915.3,272.1,757.0,-86.20,0.00,119.21,0.00,154.58,0.00,0.00,0.00,0.00,0.0000,0.6000,0.0000,-0.6000,0.0000,0.0000,1.000,0.03500
728904.8815,86,LOST_LONG,602.6,899.3,612.8,921.1,270.9,762.2,-65.03,0.00,139.91,0.00,155.07,0.00,0.00,0.00,0.00,0.0000,0.6000,0.0000,-0.6000,0.0000,0.0000,1.000,0.03500
728904.9146,87,LOST_LONG,659.4,915.9,629.7,921.5,268.3,762.9,-169.30,0.00,34.39,0.00,156.31,0.00,0.00,0.00,0.00,0.0000,0.6000,0.0000,-0.6000,0.0000,0.0000,1.000,0.03500
728904.9486,88,LOST_LONG,648.0,925.5,624.7,918.6,266.1,757.6,163.53,0.00,7.71,0.00,155.82,0.00,0.00,0.00,0.00,0.0000,0.6000,0.0000,-0.6000,0.0000,0.0000,1.000,0.03500
728904.9813,89,LOST_LONG,637.3,935.3,620.9,917.2,261.7,748.3,132.00,0.00,22.83,0.00,154.83,0.00,0.00,0.00,0.00,0.0000,0.6000,0.0000,-0.6000,0.0000,0.0000,1.000,0.03500
728905.0150,90,LOST_LONG,656.0,934.0,618.7,913.8,264.9,730.3,151.56,0.00,1.02,0.00,152.58,0.00,0.00,0.00,0.00,0.0000,0.6000,0.0000,-0.6000,0.0000,0.0000,1.000,0.03500
728905.0484,91,LOST_LONG,651.7,932.8,595.7,904.5,263.8,700.1,153.16,0.00,4.78,0.00,148.38,0.00,0.00,0.00,0.00,0.0000,0.6000,0.0000,-0.6000,0.0000,0.0000,1.000,0.03500
728905.0812,92,LOST_LONG,662.2,935.3,612.9,916.9,270.4,683.0,159.49,0.00,13.83,0.00,145.67,0.00,0.00,0.00,0.00,0.0000,0.6000,0.0000,-0.6000,0.0000,0.0000,1.000,0.03500
728905.1151,93,TRACKING,601.8,960.1,481.1,898.3,286.1,634.8,152.86,144.61,26.37,10.09,126.50,134.53,0.00,0.00,0.00,0.6000,0.6000,-0.6000,-0.6000,0.0000,0.0000,1.000,0.03500
728905.1480,94,LOST_SHORT,581.3,967.7,422.4,898.5,294.0,606.7,156.49,144.61,42.75,10.09,113.73,134.53,0.00,0.00,0.00,0.0000,0.6000,0.0000,-0.6000,0.0000,0.0000,1.000,0.03500
728905.1814,95,LOST_SHORT,593.4,1001.6,376.0,929.2,319.2,578.8,161.59,144.61,62.40,10.09,99.20,134.53,0.00,0.00,0.00,0.0000,0.6000,0.0000,-0.6000,0.0000,0.0000,1.000,0.03500
728905.2146,96,TRACKING,579.7,963.4,378.0,937.1,341.4,561.5,172.59,148.83,77.02,22.84,95.57,125.88,4.22,12.75,-8.65,0.4874,0.5550,-0.7177,-0.6471,0.1586,0.0634,1.000,0.03500
728905.2481,97,TRACKING,517.8,865.6,382.6,924.9,366.1,545.2,-156.32,158.43,111.19,41.18,92.49,117.22,13.82,31.09,-17.31,0.2315,0.4256,-0.8870,-0.7431,0.3173,0.1650,1.000,0.03500
728905.2812,98,LOST_SHORT,0.0,0.0,0.0,0.0,0.0,0.0,0.00,158.43,0.00,41.18,0.00,117.22,0.00,0.00,0.00,0.0000,0.4256,0.0000,-0.7431,0.0000,0.1650,1.000,0.03500
728905.3146,99,TRACKING,555.6,951.9,341.8,870.5,408.2,527.9,159.15,161.36,80.11,54.03,79.04,108.01,16.75,43.95,-26.52,0.1534,0.3167,-1.0057,-0.8481,0.4862,0.2935,1.000,0.03500
728905.3480,100,LOST_SHORT,573.6,945.2,344.3,924.3,439.1,535.7,174.79,161.36,98.49,54.03,76.30,108.01,0.00,0.00,0.00,0.0000,0.3167,0.0000,-0.8481,0.0000,0.2935,1.000,0.03500
728905.3813,101,TRACKING,577.5,910.6,326.8,863.6,489.9,556.2,169.39,163.76,107.35,68.51,62.04,96.37,19.14,58.42,-38.16,0.0895,0.2258,-1.1393,-0.9646,0.6996,0.4559,1.000,0.03500
728905.4147,102,LOST_SHORT,603.1,913.6,331.6,853.9,539.3,585.6,167.60,163.76,115.35,68.51,52.26,96.37,0.00,0.00,0.00,0.0000,0.2258,0.0000,-0.9646,0.0000,0.4559,1.000,0.03500
728905.4480,103,LOST_SHORT,597.2,844.2,315.8,862.2,576.2,620.4,-176.32,163.76,140.79,68.51,42.89,96.37,0.00,0.00,0.00,0.0000,0.2258,0.0000,-0.9646,0.0000,0.4559,1.000,0.03500
728905.4813,104,TRACKING,569.6,846.3,309.9,867.5,569.9,625.7,-175.33,168.21,141.74,89.32,42.92,80.37,23.60,79.23,-54.15,0.0000,0.1355,-1.2000,-1.0587,0.9928,0.6707,1.000,0.03500
728905.5147,105,TRACKING,554.2,904.1,290.4,901.4,513.3,594.8,179.41,171.61,125.44,103.37,53.98,70.06,27.00,93.29,-64.46,0.0000,0.0813,-1.2000,-1.1152,1.1000,0.8424,1.000,0.03500
728905.5481,106,TRACKING,571.5,935.3,311.5,825.8,396.8,551.8,157.16,170.28,84.44,104.85,72.71,66.57,25.67,94.76,-67.96,0.0000,0.0488,-1.2000,-1.1491,1.1000,0.9454,1.000,0.03500
728905.5814,107,LOST_SHORT,692.4,894.9,596.6,953.1,466.7,880.1,-148.73,170.28,60.59,104.85,150.68,66.57,0.00,0.00,0.00,0.0000,0.0488,0.0000,-1.1491,0.0000,0.9454,1.000,0.03500
728905.6147,108,LOST_SHORT,685.2,882.4,567.6,929.1,447.7,872.5,-158.33,170.28,46.97,104.85,154.70,66.57,0.00,0.00,0.00,0.0000,0.0488,0.0000,-1.1491,0.0000,0.9454,1.000,0.03500
728905.6480,109,TRACKING,563.7,886.4,390.7,848.9,216.5,653.3,167.76,170.80,36.07,84.67,131.68,86.27,26.18,74.58,-48.25,0.0000,0.0293,-1.2000,-1.1695,0.8846,0.9211,1.000,0.03500
728905.6814,110,LOST_SHORT,0.0,0.0,0.0,0.0,0.0,0.0,0.00,170.80,0.00,84.67,0.00,86.27,0.00,0.00,0.00,0.0000,0.0293,0.0000,-1.1695,0.0000,0.9211,1.000,0.03500
728905.7147,111,LOST_SHORT,672.0,899.6,568.7,943.1,432.1,849.4,-157.18,170.80,57.27,84.67,145.55,86.27,0.00,0.00,0.00,0.0000,0.0293,0.0000,-1.1695,0.0000,0.9211,1.000,0.03500
728905.7480,112,LOST_SHORT,0.0,0.0,0.0,0.0,0.0,0.0,0.00,170.80,0.00,84.67,0.00,86.27,0.00,0.00,0.00,0.0000,0.0293,0.0000,-1.1695,0.0000,0.9211,1.000,0.03500
728905.7814,113,LOST_SHORT,0.0,0.0,0.0,0.0,0.0,0.0,0.00,170.80,0.00,84.67,0.00,86.27,0.00,0.00,0.00,0.0000,0.0293,0.0000,-1.1695,0.0000,0.9211,1.000,0.03500
728905.8146,114,LOST_SHORT,0.0,0.0,0.0,0.0,0.0,0.0,0.00,170.80,0.00,84.67,0.00,86.27,0.00,0.00,0.00,0.0000,0.0293,0.0000,-1.1695,0.0000,0.9211,1.000,0.03500
728905.8480,115,LOST_SHORT,0.0,0.0,0.0,0.0,0.0,0.0,0.00,170.80,0.00,84.67,0.00,86.27,0.00,0.00,0.00,0.0000,0.0293,0.0000,-1.1695,0.0000,0.9211,1.000,0.03500
728905.8814,116,LOST_SHORT,0.0,0.0,0.0,0.0,0.0,0.0,0.00,170.80,0.00,84.67,0.00,86.27,0.00,0.00,0.00,0.0000,0.0293,0.0000,-1.1695,0.0000,0.9211,1.000,0.03500
728905.9147,117,LOST_SHORT,679.4,865.9,484.2,864.8,259.8,768.8,179.69,170.80,22.86,84.67,156.83,86.27,0.00,0.00,0.00,0.0000,0.0293,0.0000,-1.1695,0.0000,0.9211,1.000,0.03500
728905.9480,118,LOST_SHORT,0.0,0.0,0.0,0.0,0.0,0.0,0.00,170.80,0.00,84.67,0.00,86.27,0.00,0.00,0.00,0.0000,0.0293,0.0000,-1.1695,0.0000,0.9211,1.000,0.03500
728905.9812,119,TRACKING,661.0,867.3,413.0,878.1,223.5,671.6,-177.51,176.20,49.95,70.79,132.54,105.55,31.59,60.70,-28.97,0.0000,0.0176,-1.1603,-1.1658,0.5312,0.7651,1.000,0.03500
728906.0146,120,LOST_SHORT,671.6,878.5,567.6,945.8,438.6,885.9,-147.10,176.20,57.82,70.79,155.09,105.55,0.00,0.00,0.00,0.0000,0.0176,0.0000,-1.1658,0.0000,0.7651,1.000,0.03500
728906.0480,121,TRACKING,578.2,942.2,318.5,909.9,340.7,660.4,172.93,178.42,88.01,70.17,84.91,108.62,33.81,60.09,-25.90,0.0000,0.0105,-1.1546,-1.1613,0.4749,0.6491,1.000,0.03500
728906.0814,122,TRACKING,547.9,923.0,305.2,866.6,425.5,540.3,166.92,177.00,97.16,76.51,69.77,100.53,32.39,66.43,-33.99,0.0000,0.0063,-1.2000,-1.1768,0.6232,0.6387,1.000,0.03500
728906.1146,123,TRACKING,554.8,946.0,280.5,895.8,490.2,586.5,169.62,175.21,113.77,85.88,55.85,89.17,30.60,75.80,-45.36,0.0000,0.0063,-1.2000,-1.1861,0.8316,0.7159,1.000,0.03500
728906.1479,124,LOST_SHORT,560.5,951.2,314.0,907.1,535.5,631.4,169.87,175.21,118.65,85.88,51.22,89.17,0.00,0.00,0.00,0.0000,0.0063,0.0000,-1.1861,0.0000,0.7159,1.000,0.03500
728906.1813,125,LOST_SHORT,550.2,940.3,309.2,921.0,549.6,649.6,175.42,175.21,126.95,85.88,48.47,89.17,0.00,0.00,0.00,0.0000,0.0063,0.0000,-1.1861,0.0000,0.7159,1.000,0.03500
728906.2146,126,TRACKING,551.6,916.0,304.1,924.3,539.2,649.1,-178.09,175.65,132.43,99.71,49.48,75.63,31.04,89.63,-58.89,0.0000,0.0063,-1.2000,-1.1917,1.0797,0.8614,1.000,0.03500
728906.2480,127,TRACKING,567.0,930.1,298.2,921.2,517.1,629.6,178.10,176.21,125.00,108.92,53.10,67.06,31.60,98.83,-67.46,0.0000,0.0063,-1.2000,-1.1950,1.1000,0.9568,1.000,0.03500
728906.2812,128,TRACKING,564.4,979.2,295.0,908.5,493.6,613.0,165.29,174.60,109.20,112.04,56.09,62.32,29.98,101.95,-72.21,0.0000,0.0063,-1.2000,-1.1950,1.1000,1.0141,1.000,0.03500
728906.3146,129,TRACKING,578.2,973.8,280.4,917.2,477.6,605.8,169.23,173.14,111.59,112.98,57.64,59.95,28.53,102.90,-74.58,0.0000,0.0063,-1.2000,-1.1950,1.1000,1.0485,1.000,0.03500
728906.3480,130,TRACKING,564.3,973.4,258.3,909.1,455.2,596.6,168.14,171.82,110.34,112.98,57.79,58.79,27.20,102.90,-75.74,0.0000,0.0063,-1.2000,-1.1950,1.1000,1.0691,1.000,0.03500
728906.3815,131,TRACKING,572.8,974.9,240.1,902.8,439.0,594.0,167.76,170.68,110.56,112.50,57.20,58.13,26.07,102.42,-76.40,0.0000,0.0063,-1.2000,-1.1950,1.1000,1.0814,1.000,0.03500
728906.4147,132,TRACKING,565.0,979.2,238.7,919.1,411.9,585.2,169.56,170.10,106.98,111.44,62.58,58.62,25.49,101.36,-75.91,0.0000,0.0063,-1.2000,-1.1950,1.1000,1.0889,1.000,0.03500
728906.4480,133,TRACKING,563.9,975.1,232.4,932.1,399.4,581.0,172.62,170.10,108.06,110.52,64.56,59.76,25.49,100.43,-74.77,0.0000,0.0063,-1.2000,-1.1950,1.1000,1.0933,1.000,0.03500
728906.4813,134,TRACKING,559.0,965.4,242.4,957.7,364.9,575.2,178.59,171.53,106.36,109.45,72.23,62.19,26.92,99.37,-72.34,0.0000,0.0063,-1.2000,-1.1950,1.1000,1.0933,1.000,0.03500
728906.5147,135,TRACKING,551.1,978.6,310.9,960.3,321.1,574.3,175.65,172.65,87.16,105.52,88.49,67.20,28.04,95.44,-67.33,0.0000,0.0063,-1.2000,-1.1950,1.1000,1.0933,1.000,0.03500
728906.5480,136,TRACKING,591.8,966.9,330.4,969.2,304.6,573.2,-179.50,174.25,86.77,101.05,93.73,73.25,29.63,90.96,-61.27,0.0000,0.0063,-1.2000,-1.1950,1.1000,1.0933,1.000,0.03500
728906.5813,137,TRACKING,602.4,974.1,306.5,973.5,302.5,576.6,179.89,175.72,89.31,97.58,90.58,78.20,31.11,87.50,-56.33,0.0000,0.0063,-1.2000,-1.1950,1.0327,1.0691,1.000,0.03500
728906.6146,138,LOST_SHORT,592.4,984.5,300.3,981.6,304.7,586.9,179.44,175.72,90.08,97.58,89.36,78.20,0.00,0.00,0.00,0.0000,0.0063,0.0000,-1.1950,0.0000,1.0691,1.000,0.03500
728906.6481,139,TRACKING,545.5,998.5,321.0,972.3,327.6,584.3,173.33,175.72,84.30,94.14,89.03,81.89,31.11,84.06,-52.63,0.0000,0.0063,-1.2000,-1.1950,0.9650,1.0274,1.000,0.03500
728906.6813,140,LOST_SHORT,565.2,976.8,247.7,966.3,351.0,588.7,178.11,175.72,103.41,94.14,74.70,81.89,0.00,0.00,0.00,0.0000,0.0063,0.0000,-1.1950,0.0000,1.0274,1.000,0.03500
728906.7146,141,TRACKING,557.1,982.7,219.0,939.1,375.3,589.4,172.65,175.72,106.74,96.10,65.91,79.44,31.11,86.01,-55.08,0.0000,0.0063,-1.2000,-1.1950,1.0099,1.0204,1.000,0.03500
728906.7479,142,TRACKING,566.5,980.9,229.6,935.6,390.6,585.9,172.35,174.97,107.07,98.52,65.28,76.32,30.36,88.44,-58.21,0.0000,0.0063,-1.2000,-1.1950,1.0671,1.0391,1.000,0.03500
728906.7812,143,TRACKING,552.4,976.1,232.0,947.0,371.2,578.5,174.82,174.97,105.51,100.50,69.30,74.09,30.36,90.41,-60.43,0.0000,0.0063,-1.2000,-1.1950,1.1000,1.0635,1.000,0.03500
728906.8146,144,TRACKING,549.6,973.5,235.8,959.4,358.7,587.8,177.42,174.97,105.72,102.01,71.70,72.92,30.36,91.93,-61.60,0.0000,0.0063,-1.2000,-1.1950,1.1000,1.0781,1.000,0.03500
728906.8479,145,TRACKING,528.5,977.2,275.8,969.3,344.1,587.4,178.22,175.55,98.36,102.01,79.86,73.60,30.94,91.93,-60.93,0.0000,0.0063,-1.2000,-1.1950,1.1000,1.0868,1.000,0.03500
728906.9149,146,TRACKING,528.5,977.2,275.8,969.3,344.1,587.4,178.22,176.16,98.36,101.37,79.86,74.83,31.55,91.29,-59.69,0.0000,0.0063,-1.2000,-1.1950,1.0944,1.0868,1.000,0.03500
728906.9487,147,TRACKING,569.9,964.9,256.2,967.5,332.4,590.0,-179.52,177.10,101.90,101.37,78.58,75.86,32.48,91.29,-58.66,0.0000,0.0063,-1.2000,-1.1950,1.0755,1.0823,1.000,0.03500
728906.9817,148,TRACKING,575.7,982.4,245.6,969.0,319.3,591.6,177.67,177.10,98.70,100.88,78.96,76.72,32.48,90.79,-57.81,0.0000,0.0063,-1.2000,-1.1950,1.0598,1.0733,1.000,0.03500
728907.0151,149,TRACKING,580.0,966.3,262.6,980.4,324.5,585.0,-177.46,178.19,101.43,100.88,81.11,77.72,33.58,90.79,-56.80,0.0000,0.0063,-1.2000,-1.1950,1.0414,1.0605,1.000,0.03500
728907.0485,150,TRACKING,559.0,979.3,267.3,975.7,336.8,579.5,179.29,178.76,99.24,100.88,80.04,78.45,34.15,90.79,-56.08,0.0000,0.0063,-1.2000,-1.1950,1.0281,1.0475,1.000,0.03500
728907.0818,151,TRACKING,566.5,973.9,270.2,973.9,341.6,578.5,180.00,178.76,100.24,100.88,79.76,78.92,34.15,90.79,-55.61,0.0000,0.0063,-1.2000,-1.1950,1.0195,1.0363,1.000,0.03500
728907.1151,152,TRACKING,474.6,984.7,380.7,924.4,323.5,578.9,147.28,176.55,47.89,95.15,99.39,82.08,31.94,85.07,-52.44,0.0000,0.0063,-1.2000,-1.1950,0.9615,1.0064,1.000,0.03500
728907.1485,153,TRACKING,520.7,985.1,500.2,904.2,332.2,541.5,104.20,169.84,10.66,81.83,114.86,88.53,25.23,71.75,-45.99,0.0000,0.0063,-1.2000,-1.1950,0.8432,0.9411,0.854,0.03500
728907.1817,154,TRACKING,591.3,968.3,359.1,940.2,349.7,577.0,173.10,168.70,81.61,77.57,91.49,91.36,24.09,67.49,-43.17,0.0000,0.0063,-1.2000,-1.1950,0.7915,0.8813,0.180,0.00152
728907.2151,155,TRACKING,541.7,953.2,249.0,961.0,354.8,575.0,-178.48,170.99,106.84,81.66,74.68,89.55,26.38,71.57,-44.97,0.0000,0.0063,-1.2000,-1.1950,0.8245,0.8586,1.000,0.03500
728907.2483,156,TRACKING,555.7,966.3,258.2,943.6,356.0,575.8,175.64,172.55,100.54,86.14,75.10,86.62,27.94,76.06,-47.91,0.0000,0.0063,-1.2000,-1.1950,0.8784,0.8665,1.000,0.03500
728907.2817,157,TRACKING,523.2,968.4,236.6,960.9,354.8,584.9,178.49,174.07,105.95,90.95,72.54,83.31,29.46,80.87,-51.22,0.0000,0.0063,-1.2000,-1.1950,0.9390,0.8955,1.000,0.03500
728907.3151,158,TRACKING,543.4,953.3,245.5,945.8,348.8,578.9,178.55,175.33,104.27,94.80,74.29,80.70,30.72,84.71,-53.83,0.0000,0.0063,-1.2000,-1.1950,0.9868,0.9320,1.000,0.03500
728907.3484,159,TRACKING,550.9,949.9,236.1,951.7,348.8,582.7,-179.68,176.60,107.32,98.18,73.00,78.55,31.98,88.09,-55.98,0.0000,0.0063,-1.2000,-1.1950,1.0262,0.9697,1.000,0.03500
728907.3817,160,TRACKING,545.7,940.0,236.6,953.6,355.3,584.3,-177.48,177.99,110.34,101.33,72.18,76.78,33.38,91.24,-57.75,0.0000,0.0063,-1.2000,-1.1950,1.0588,1.0053,1.000,0.03500
728907.4154,161,LOST_SHORT,546.4,956.0,242.0,966.1,363.8,588.8,-178.10,177.99,109.80,101.33,72.11,76.78,0.00,0.00,0.00,0.0000,0.0063,0.0000,-1.1950,0.0000,1.0053,1.000,0.03500
728907.4484,162,LOST_SHORT,540.6,962.1,247.1,977.4,365.3,588.4,-177.02,177.99,109.88,101.33,73.10,76.78,0.00,0.00,0.00,0.0000,0.0063,0.0000,-1.1950,0.0000,1.0053,1.000,0.03500
728907.4817,163,LOST_SHORT,546.5,956.6,247.2,965.6,359.3,584.3,-178.28,177.99,108.11,101.33,73.61,76.78,0.00,0.00,0.00,0.0000,0.0063,0.0000,-1.1950,0.0000,1.0053,1.000,0.03500
728907.5151,164,LOST_SHORT,550.7,949.3,242.9,973.1,342.4,574.7,-175.58,177.99,108.43,101.33,75.99,76.78,0.00,0.00,0.00,0.0000,0.0063,0.0000,-1.1950,0.0000,1.0053,1.000,0.03500
728907.5483,165,LOST_SHORT,570.5,960.3,245.5,963.1,333.5,573.3,-179.51,177.99,103.22,101.33,77.28,76.78,0.00,0.00,0.00,0.0000,0.0063,0.0000,-1.1950,0.0000,1.0053,1.000,0.03500
728907.5816,166,LOST_SHORT,569.7,969.4,249.7,958.2,339.9,569.9,177.99,177.99,101.06,101.33,76.93,76.78,0.00,0.00,0.00,0.0000,0.0063,0.0000,-1.1950,0.0000,1.0053,1.000,0.03500
728907.6151,167,LOST_SHORT,565.9,959.0,246.9,971.3,352.1,565.8,-177.78,177.99,106.76,101.33,75.46,76.78,0.00,0.00,0.00,0.0000,0.0063,0.0000,-1.1950,0.0000,1.0053,1.000,0.03500
728907.6484,168,TRACKING,560.7,964.7,248.9,966.2,357.1,564.7,-179.73,179.39,105.35,103.16,74.92,76.31,34.78,93.07,-58.21,0.0000,0.0063,-1.2000,-1.1950,1.0673,1.0301,1.000,0.03500
728907.6816,169,TRACKING,545.1,954.8,242.5,986.4,339.7,571.6,-174.05,-179.08,109.15,104.75,76.80,76.31,36.31,94.67,-58.21,0.0000,0.0063,-1.2000,-1.1950,1.0673,1.0450,1.000,0.03500
728907.7151,170,TRACKING,522.1,976.1,257.1,997.7,329.1,564.7,-175.35,-177.95,104.09,105.19,80.56,76.96,37.43,95.10,-57.57,0.0000,0.0063,-1.2000,-1.1950,1.0555,1.0492,1.000,0.03500
728907.7484,171,TRACKING,524.0,973.7,239.1,990.4,345.3,564.4,-176.65,-177.35,107.34,105.69,76.01,76.96,38.04,95.60,-57.57,0.0000,0.0063,-1.2000,-1.1950,1.0555,1.0492,1.000,0.03500
728907.7818,172,TRACKING,539.8,957.4,239.7,978.3,331.9,567.1,-176.03,-176.92,106.61,105.69,77.36,76.96,38.47,95.60,-57.57,0.0000,0.0063,-1.2000,-1.1950,1.0555,1.0492,1.000,0.03500
728907.8151,173,TRACKING,553.9,969.7,251.8,977.0,326.1,560.3,-178.63,-176.92,101.48,105.20,79.89,77.47,38.47,95.11,-57.05,0.0000,0.0063,-1.2000,-1.1950,1.0460,1.0492,1.000,0.03500
728907.8484,174,TRACKING,546.1,996.0,310.4,976.7,337.8,713.3,175.30,-178.07,91.23,103.19,84.08,78.48,37.32,93.10,-56.05,0.0000,0.0063,-1.2000,-1.1950,1.0276,1.0405,1.000,0.03500
728907.8820,175,TRACKING,539.2,988.4,302.3,980.6,341.0,716.2,178.13,-179.06,96.46,101.46,81.67,79.31,36.33,91.37,-55.22,0.0000,0.0063,-1.2000,-1.1950,1.0124,1.0293,1.000,0.03500
728907.9154,176,TRACKING,583.4,991.6,269.6,978.7,314.8,553.5,177.65,-179.96,93.71,99.51,83.93,80.42,35.43,89.42,-54.11,0.0000,0.0063,-1.2000,-1.1950,0.9920,1.0144,1.000,0.03500
728907.9488,177,TRACKING,592.1,994.6,265.3,967.3,314.7,564.2,175.22,178.92,92.20,97.61,83.02,81.23,34.31,87.53,-53.30,0.0000,0.0063,-1.2000,-1.1950,0.9772,0.9995,1.000,0.03500
728907.9817,178,TRACKING,556.3,975.0,237.1,977.3,315.9,572.3,-179.59,178.92,101.42,97.61,78.99,81.23,34.31,87.53,-53.30,0.0000,0.0063,-1.2000,-1.1950,0.9772,0.9906,1.000,0.03500
728908.0151,179,TRACKING,551.1,982.7,242.5,976.1,321.8,566.6,178.78,178.92,99.73,97.61,79.05,81.23,34.31,87.53,-53.30,0.0000,0.0063,-1.2000,-1.1950,0.9772,0.9852,1.000,0.03500
728908.0485,180,TRACKING,545.7,960.3,241.5,992.0,316.3,572.6,-174.06,179.96,106.06,99.12,79.88,80.80,35.35,89.03,-53.73,0.0000,0.0063,-1.2000,-1.1950,0.9851,0.9852,1.000,0.03500
728908.0816,181,TRACKING,532.2,941.3,259.6,931.9,300.6,551.3,178.03,179.96,94.16,99.12,83.86,80.80,35.35,89.03,-53.73,0.0000,0.0063,-1.2000,-1.1950,0.9851,0.9852,1.000,0.03500
728908.1151,182,TRACKING,589.0,931.1,356.1,946.4,261.1,528.3,-176.23,-179.45,80.97,95.97,102.80,84.55,35.94,85.88,-49.98,0.0000,0.0063,-1.2000,-1.1950,0.9163,0.9576,1.000,0.03500
728908.1485,183,TRACKING,572.6,919.7,396.1,948.2,207.1,527.0,-170.83,-178.13,75.01,91.04,114.17,90.81,37.26,80.95,-43.72,0.0000,0.0063,-1.2000,-1.1950,0.8015,0.8952,1.000,0.03500
728908.1818,184,TRACKING,541.5,949.2,423.0,937.5,182.7,540.5,174.33,-178.13,53.15,83.67,121.18,98.01,37.26,73.58,-36.51,0.0000,0.0063,-1.2000,-1.1950,0.6694,0.8049,1.000,0.03500
728908.2151,185,TRACKING,483.2,994.2,394.7,916.0,159.4,558.0,138.54,176.51,15.23,71.80,123.31,104.62,31.89,61.71,-29.91,0.0000,0.0063,-1.1697,-1.1849,0.5483,0.7023,1.000,0.03500
728908.2494,186,TRACKING,539.3,982.8,442.2,907.5,143.7,566.8,142.21,169.47,10.99,57.95,131.22,111.28,24.86,47.86,-23.24,0.0000,0.0063,-1.0418,-1.1276,0.4261,0.5918,1.000,0.03500
728908.2817,187,TRACKING,521.0,986.5,422.1,900.6,138.9,568.4,139.01,162.09,8.56,44.78,130.45,116.73,17.48,34.69,-17.80,0.1339,0.0574,-0.9202,-1.0447,0.3263,0.4856,1.000,0.03500
728908.3150,188,TRACKING,491.1,1003.1,406.1,936.1,162.8,567.6,141.74,156.29,18.31,35.80,123.43,119.72,11.68,25.71,-14.80,0.2885,0.1498,-0.8373,-0.9617,0.2714,0.3999,1.000,0.03500
728908.3483,189,TRACKING,472.2,956.6,381.9,941.6,259.8,691.4,170.60,156.29,54.58,34.86,116.02,120.54,11.68,24.78,-13.98,0.2885,0.2053,-0.8287,-0.9085,0.2564,0.3425,1.000,0.03500
728908.3817,190,TRACKING,434.8,968.3,344.0,893.9,274.5,618.7,140.63,153.44,36.45,34.25,104.18,118.62,8.83,24.17,-15.90,0.3646,0.2690,-0.8231,-0.8744,0.2916,0.3221,1.000,0.03500
728908.4150,191,LOST_SHORT,617.7,928.4,388.3,905.2,294.5,657.1,174.22,153.44,63.50,34.25,110.71,118.62,0.00,0.00,0.00,0.0000,0.2690,0.0000,-0.8744,0.0000,0.3221,1.000,0.03500
728908.4483,192,TRACKING,497.6,946.9,310.0,988.9,357.8,743.3,-167.39,160.53,113.62,48.29,78.99,111.89,15.91,38.21,-22.63,0.1756,0.2317,-0.9527,-0.9057,0.4149,0.3593,1.000,0.03500
728908.4822,193,TRACKING,497.2,950.0,247.8,966.7,370.1,697.6,-176.17,167.36,118.27,65.67,65.56,101.84,22.74,55.58,-32.69,0.0000,0.1390,-1.1131,-0.9886,0.5993,0.4553,1.000,0.03500
728908.5150,194,TRACKING,561.0,968.7,261.3,893.5,446.2,529.4,165.92,168.93,102.84,78.54,63.08,91.21,24.32,68.46,-43.31,0.0000,0.0834,-1.2000,-1.0732,0.7941,0.5908,1.000,0.03500
728908.5483,195,TRACKING,570.4,955.6,253.1,913.8,472.4,566.0,172.50,170.07,114.74,89.42,57.76,81.67,25.46,79.33,-52.86,0.0000,0.0500,-1.2000,-1.1239,0.9691,0.7421,1.000,0.03500
728908.5816,196,TRACKING,567.7,957.8,280.3,912.9,489.9,579.4,171.12,170.63,113.28,97.19,57.84,74.35,26.02,87.10,-60.18,0.0000,0.0300,-1.2000,-1.1543,1.1000,0.8853,1.000,0.03500
728908.6151,197,TRACKING,559.8,962.7,282.7,917.0,488.6,584.1,170.65,170.63,112.38,102.36,58.26,69.16,26.02,92.28,-65.36,0.0000,0.0180,-1.2000,-1.1726,1.1000,0.9712,1.000,0.03500
728908.6485,198,TRACKING,569.4,960.2,272.6,913.1,465.1,570.5,170.97,170.63,110.30,105.43,60.67,65.98,26.02,95.34,-68.54,0.0000,0.0108,-1.2000,-1.1836,1.1000,1.0227,1.000,0.03500
728908.6817,199,TRACKING,575.4,961.9,254.9,913.0,423.0,545.3,171.33,170.63,105.90,106.55,65.42,64.80,26.02,96.46,-69.73,0.0000,0.0065,-1.2000,-1.1901,1.1000,1.0536,1.000,0.03500
728908.7152,200,TRACKING,544.0,990.3,330.2,961.4,358.6,548.2,172.31,170.63,86.24,103.55,86.07,67.87,26.02,93.47,-66.66,0.0000,0.0065,-1.2000,-1.1941,1.1000,1.0722,1.000,0.03500
728908.7484,201,LOST_SHORT,540.7,998.3,555.0,964.8,324.9,695.0,66.90,170.63,63.55,103.55,130.45,67.87,0.00,0.00,0.00,0.0000,0.0065,0.0000,-1.1941,0.0000,1.0722,1.000,0.03500
728908.7818,202,TRACKING,575.0,975.4,500.0,939.2,274.6,659.8,154.21,168.98,25.32,89.95,128.90,79.57,24.37,79.87,-54.96,0.0000,0.0065,-1.2000,-1.1941,1.0076,1.0463,1.000,0.03500
728908.8151,203,TRACKING,575.5,917.5,371.2,968.6,254.9,664.2,-165.96,172.75,83.12,84.10,110.92,88.98,28.13,74.02,-45.54,0.0000,0.0065,-1.2000,-1.1941,0.8350,0.9618,1.000,0.03500
728908.8484,204,TRACKING,563.5,957.9,439.7,975.6,209.1,581.6,-171.88,176.24,67.78,78.64,120.33,97.90,31.62,68.55,-36.62,0.0000,0.0065,-1.2000,-1.1941,0.6714,0.8457,1.000,0.03500
728908.8816,205,TRACKING,487.7,938.1,365.7,958.0,205.5,542.8,-170.71,179.40,78.20,76.55,111.09,103.16,34.79,66.47,-31.36,0.0000,0.0065,-1.2000,-1.1941,0.5750,0.7374,1.000,0.03500
728908.9151,206,TRACKING,519.5,969.5,475.5,938.4,239.9,551.6,144.74,178.22,23.40,70.44,121.35,108.02,33.61,60.36,-26.50,0.0000,0.0065,-1.1571,-1.1793,0.4859,0.6368,1.000,0.03500
728908.9484,207,LOST_SHORT,577.5,955.9,637.1,1033.3,461.7,944.0,-52.40,178.22,154.58,70.44,153.02,108.02,0.00,0.00,0.00,0.0000,0.0065,0.0000,-1.1793,0.0000,0.6368,1.000,0.03500
728908.9816,208,TRACKING,459.5,991.2,346.3,928.9,328.7,528.3,151.19,172.94,58.67,67.51,92.52,105.48,28.32,57.43,-29.04,0.0000,0.0065,-1.1301,-1.1596,0.5325,0.5951,1.000,0.03500
728909.0151,209,TRACKING,552.6,976.7,252.4,935.8,393.4,539.9,172.24,171.71,101.84,73.63,70.40,98.11,27.10,63.54,-36.42,0.0000,0.0065,-1.1865,-1.1704,0.6676,0.6241,1.000,0.03500
728909.0483,210,TRACKING,572.8,978.4,256.1,897.5,447.3,558.8,165.68,170.15,105.12,80.91,60.55,89.22,25.54,70.83,-45.31,0.0000,0.0065,-1.2000,-1.1822,0.8306,0.7067,1.000,0.03500
728909.0817,211,TRACKING,593.4,968.0,280.5,891.0,469.6,570.4,166.18,168.94,106.70,87.67,59.47,81.19,24.33,77.59,-53.33,0.0000,0.0065,-1.2000,-1.1893,0.9778,0.8151,1.000,0.03500
728909.1151,212,TRACKING,573.1,961.6,288.2,891.1,521.5,592.2,166.11,168.07,114.09,94.37,52.03,73.58,23.45,84.28,-60.95,0.0000,0.0065,-1.2000,-1.1936,1.1000,0.9291,1.000,0.03500
728909.1483,213,TRACKING,563.7,952.2,289.2,872.1,550.8,590.6,163.74,167.07,116.65,100.38,47.09,66.56,22.46,90.29,-67.97,0.0011,0.0065,-1.2000,-1.1936,1.1000,0.9974,1.000,0.03500
728909.1821,214,TRACKING,576.4,944.1,313.9,816.6,555.1,556.4,154.10,164.66,106.94,103.52,47.16,60.98,20.05,93.43,-73.55,0.0654,0.0301,-1.2000,-1.1936,1.1000,1.0385,1.000,0.03500
728909.2151,215,LOST_SHORT,555.7,912.9,337.7,756.1,526.6,508.9,144.25,164.66,91.64,103.52,52.62,60.98,0.00,0.00,0.00,0.0000,0.0301,0.0000,-1.1936,0.0000,1.0385,1.000,0.03500
728909.2484,216,LOST_SHORT,627.7,896.7,448.7,686.8,464.7,526.8,130.46,164.66,46.16,103.52,84.29,60.98,0.00,0.00,0.00,0.0000,0.0301,0.0000,-1.1936,0.0000,1.0385,1.000,0.03500
728909.2818,217,LOST_SHORT,566.6,859.1,373.7,634.6,535.3,364.7,130.67,164.66,71.59,103.52,59.08,60.98,0.00,0.00,0.00,0.0000,0.0301,0.0000,-1.1936,0.0000,1.0385,1.000,0.03500
728909.3151,218,TRACKING,472.7,420.5,332.0,634.0,504.5,289.8,-123.39,173.93,173.22,112.52,63.38,61.44,29.32,102.44,-73.09,0.0000,0.0180,-1.2000,-1.1936,1.1000,1.0631,0.985,0.03500
728909.3483,219,TRACKING,472.4,721.4,406.5,582.6,478.1,332.1,115.39,170.76,41.33,107.62,74.05,63.13,26.15,97.53,-71.39,0.0000,0.0108,-1.2000,-1.1936,1.1000,1.0778,1.000,0.03500
728909.3818,220,TRACKING,474.0,736.2,390.8,543.4,425.5,213.4,113.34,159.08,29.34,92.15,84.00,66.98,14.47,82.06,-67.55,0.2141,0.0921,-1.2000,-1.1936,1.1000,1.0867,0.966,0.03500
728909.4151,221,LOST_SHORT,0.0,0.0,0.0,0.0,0.0,0.0,0.00,159.08,0.00,92.15,0.00,66.98,0.00,0.00,0.00,0.0000,0.0921,0.0000,-1.1936,0.0000,1.0867,1.000,0.03500
728909.4485,222,LOST_SHORT,562.5,854.5,568.8,820.4,475.7,630.9,79.51,159.08,36.66,92.15,116.16,66.98,0.00,0.00,0.00,0.0000,0.0921,0.0000,-1.1936,0.0000,1.0867,1.000,0.03500
728909.4816,223,LOST_SHORT,0.0,0.0,0.0,0.0,0.0,0.0,0.00,159.08,0.00,92.15,0.00,66.98,0.00,0.00,0.00,0.0000,0.0921,0.0000,-1.1936,0.0000,1.0867,1.000,0.03500
728909.5151,224,LOST_SHORT,0.0,0.0,0.0,0.0,0.0,0.0,0.00,159.08,0.00,92.15,0.00,66.98,0.00,0.00,0.00,0.0000,0.0921,0.0000,-1.1936,0.0000,1.0867,1.000,0.03500
728909.5483,225,LOST_SHORT,505.7,883.0,484.5,639.5,173.1,183.1,94.97,159.08,29.34,92.15,124.31,66.98,0.00,0.00,0.00,0.0000,0.0921,0.0000,-1.1936,0.0000,1.0867,1.000,0.03500
728909.5816,226,LOST_SHORT,505.4,868.4,455.4,593.4,154.2,196.2,100.31,159.08,26.86,92.15,127.17,66.98,0.00,0.00,0.00,0.0000,0.0921,0.0000,-1.1936,0.0000,1.0867,1.000,0.03500
728909.6150,227,LOST_SHORT,495.8,769.5,426.8,585.1,85.4,247.5,110.52,159.08,24.80,92.15,135.32,66.98,0.00,0.00,0.00,0.0000,0.0921,0.0000,-1.1936,0.0000,1.0867,1.000,0.03500
728909.6483,228,LOST_SHORT,535.2,753.6,521.6,712.7,481.9,710.5,108.36,159.08,68.36,92.15,176.73,66.98,0.00,0.00,0.00,0.0000,0.0921,0.0000,-1.1936,0.0000,1.0867,1.000,0.03500
728909.6817,229,LOST_SHORT,597.7,802.2,507.7,661.7,68.3,314.4,122.65,159.08,19.03,92.15,141.68,66.98,0.00,0.00,0.00,0.0000,0.0921,0.0000,-1.1936,0.0000,1.0867,1.000,0.03500
728909.7151,230,LOST_SHORT,600.8,874.2,406.5,757.0,66.7,363.4,148.91,159.08,18.11,92.15,130.80,66.98,0.00,0.00,0.00,0.0000,0.0921,0.0000,-1.1936,0.0000,1.0867,1.000,0.03500
728909.7483,231,LOST_SHORT,622.7,878.2,410.7,822.2,233.2,612.6,165.21,159.08,34.96,92.15,130.25,66.98,0.00,0.00,0.00,0.0000,0.0921,0.0000,-1.1936,0.0000,1.0867,1.000,0.03500
728909.7816,232,LOST_SHORT,657.4,903.6,436.0,853.6,230.2,624.3,167.27,159.08,35.35,92.15,131.92,66.98,0.00,0.00,0.00,0.0000,0.0921,0.0000,-1.1936,0.0000,1.0867,1.000,0.03500
728909.8151,233,LOST_SHORT,668.8,880.5,427.6,920.7,249.5,642.0,-170.54,159.08,66.88,92.15,122.58,66.98,0.00,0.00,0.00,0.0000,0.0921,0.0000,-1.1936,0.0000,1.0867,1.000,0.03500
728909.8483,234,LOST_SHORT,0.0,0.0,0.0,0.0,0.0,0.0,0.00,159.08,0.00,92.15,0.00,66.98,0.00,0.00,0.00,0.0000,0.0921,0.0000,-1.1936,0.0000,1.0867,1.000,0.03500
728909.8816,235,TRACKING,517.1,973.4,448.1,960.4,319.4,684.9,169.35,159.08,54.31,70.85,115.04,86.90,14.47,60.77,-47.63,0.2141,0.1409,-1.1609,-1.1805,0.8732,1.0013,1.000,0.03500
728909.9151,236,TRACKING,584.7,1015.5,273.0,1005.5,352.4,609.9,178.16,163.29,99.51,70.85,78.65,91.60,18.68,60.77,-42.93,0.1019,0.1253,-1.1609,-1.1727,0.7870,0.9156,1.000,0.03500
728909.9483,237,LOST_SHORT,585.2,1025.8,251.6,1020.5,389.8,654.0,179.09,163.29,109.75,70.85,69.33,91.60,0.00,0.00,0.00,0.0000,0.1253,0.0000,-1.1727,0.0000,0.9156,1.000,0.03500
728909.9817,238,TRACKING,605.0,979.8,281.6,1055.4,414.7,686.7,-166.85,170.37,123.00,83.30,70.16,87.45,25.76,73.22,-47.07,0.0000,0.0752,-1.2000,-1.1836,0.8630,0.8945,1.000,0.03500
728910.0151,239,TRACKING,619.7,954.1,285.9,1059.0,436.7,710.9,-162.55,177.58,130.87,96.16,66.58,82.44,32.97,86.07,-52.09,0.0000,0.0451,-1.2000,-1.1902,0.9549,0.9187,1.000,0.03500
728910.0483,240,LOST_SHORT,607.2,981.9,267.9,1091.1,445.6,724.7,-162.16,177.58,133.72,96.16,64.13,82.44,0.00,0.00,0.00,0.0000,0.0451,0.0000,-1.1902,0.0000,0.9187,1.000,0.03500
728910.0818,241,LOST_SHORT,602.8,979.4,267.9,1094.3,443.4,725.9,-161.06,177.58,134.41,96.16,64.52,82.44,0.00,0.00,0.00,0.0000,0.0451,0.0000,-1.1902,0.0000,0.9187,1.000,0.03500
728910.1151,242,TRACKING,605.8,980.3,262.4,1077.7,434.6,715.2,-164.16,-175.33,131.24,109.56,64.60,76.47,40.05,99.47,-58.06,0.0000,0.0271,-1.2000,-1.1941,1.0644,0.9770,1.000,0.03500
728910.1483,243,TRACKING,586.0,989.8,242.8,1054.6,420.8,697.9,-169.32,-171.86,127.20,117.17,63.48,72.27,43.53,107.08,-62.25,0.0000,0.0162,-1.2000,-1.1941,1.1000,1.0262,1.000,0.03500
728910.1816,244,TRACKING,541.4,1024.7,234.3,1028.4,421.1,682.3,-179.31,-171.86,119.04,120.18,61.65,69.10,43.53,110.10,-65.43,0.0000,0.0097,-1.2000,-1.1941,1.1000,1.0557,1.000,0.03500
728910.2151,245,LOST_SHORT,538.9,995.2,241.9,939.6,456.0,650.2,169.40,-171.86,115.89,120.18,53.51,69.10,0.00,0.00,0.00,0.0000,0.0097,0.0000,-1.1941,0.0000,1.0557,1.000,0.03500
728910.2491,246,LOST_SHORT,511.6,1009.4,258.9,970.0,462.8,680.7,171.15,-171.86,116.32,120.18,54.83,69.10,0.00,0.00,0.00,0.0000,0.0097,0.0000,-1.1941,0.0000,1.0557,1.000,0.03500
728910.2817,247,LOST_SHORT,540.5,993.6,202.4,967.8,459.2,679.3,175.65,-171.86,127.32,120.18,48.33,69.10,0.00,0.00,0.00,0.0000,0.0097,0.0000,-1.1941,0.0000,1.0557,1.000,0.03500
728910.3150,248,TRACKING,533.7,995.1,211.1,989.0,424.0,657.4,178.92,-173.15,121.62,122.01,57.30,65.63,42.24,111.93,-68.89,0.0000,0.0058,-1.2000,-1.1941,1.1000,1.0734,1.000,0.03500
728910.3483,249,LOST_SHORT,479.4,1050.2,212.4,1024.2,369.4,643.1,174.44,-173.15,106.82,122.01,67.62,65.63,0.00,0.00,0.00,0.0000,0.0058,0.0000,-1.1941,0.0000,1.0734,1.000,0.03500
728910.3817,250,TRACKING,562.7,1052.8,361.8,1002.9,317.2,608.0,166.03,-177.40,69.59,112.85,96.44,70.16,37.98,102.76,-64.37,0.0000,0.0058,-1.2000,-1.1941,1.1000,1.0841,1.000,0.03500
728910.4150,251,LOST_SHORT,511.8,1073.6,273.5,1029.7,290.1,627.1,169.58,-177.40,81.94,112.85,87.64,70.16,0.00,0.00,0.00,0.0000,0.0058,0.0000,-1.1941,0.0000,1.0841,1.000,0.03500
728910.4487,252,LOST_SHORT,498.7,1066.3,216.2,1050.4,298.8,642.7,176.78,-177.40,98.24,112.85,78.54,70.16,0.00,0.00,0.00,0.0000,0.0058,0.0000,-1.1941,0.0000,1.0841,1.000,0.03500
728910.4816,253,LOST_SHORT,509.6,1076.6,221.2,1066.0,319.3,676.0,177.88,-177.40,102.00,112.85,75.88,70.16,0.00,0.00,0.00,0.0000,0.0058,0.0000,-1.1941,0.0000,1.0841,1.000,0.03500
728910.5150,254,LOST_SHORT,536.6,1045.7,218.7,1054.4,358.7,719.2,-178.42,-177.40,114.25,112.85,67.33,70.16,0.00,0.00,0.00,0.0000,0.0058,0.0000,-1.1941,0.0000,1.0841,1.000,0.03500
728910.5483,255,LOST_SHORT,591.8,1029.3,367.3,922.1,584.7,657.3,154.47,-177.40,103.86,112.85,50.61,70.16,0.00,0.00,0.00,0.0000,0.0058,0.0000,-1.1941,0.0000,1.0841,1.000,0.03500
728910.5816,256,LOST_SHORT,592.6,1027.1,373.8,914.0,590.1,656.1,152.65,-177.40,102.64,112.85,50.01,70.16,0.00,0.00,0.00,0.0000,0.0058,0.0000,-1.1941,0.0000,1.0841,1.000,0.03500
728910.6150,257,LOST_SHORT,613.5,1001.8,381.3,906.9,594.6,652.3,157.76,-177.40,107.72,112.85,50.03,70.16,0.00,0.00,0.00,0.0000,0.0058,0.0000,-1.1941,0.0000,1.0841,1.000,0.03500
728910.6483,258,LOST_SHORT,597.6,1018.4,376.6,914.5,595.4,651.2,154.82,-177.40,104.55,112.85,50.26,70.16,0.00,0.00,0.00,0.0000,0.0058,0.0000,-1.1941,0.0000,1.0841,1.000,0.03500
728910.6817,259,LOST_SHORT,597.5,1018.0,377.1,910.5,594.6,650.7,154.01,-177.40,103.95,112.85,50.06,70.16,0.00,0.00,0.00,0.0000,0.0058,0.0000,-1.1941,0.0000,1.0841,1.000,0.03500
728910.7151,260,LOST_SHORT,598.1,1017.0,380.1,908.1,595.7,649.3,153.47,-177.40,103.26,112.85,50.21,70.16,0.00,0.00,0.00,0.0000,0.0058,0.0000,-1.1941,0.0000,1.0841,1.000,0.03500
728910.7483,261,LOST_SHORT,617.7,999.0,384.2,905.5,596.9,647.7,158.18,-177.40,107.70,112.85,50.49,70.16,0.00,0.00,0.00,0.0000,0.0058,0.0000,-1.1941,0.0000,1.0841,1.000,0.03500
728910.7816,262,LOST_SHORT,608.7,993.4,382.1,905.7,599.2,646.9,158.84,-177.40,108.83,112.85,50.01,70.16,0.00,0.00,0.00,0.0000,0.0058,0.0000,-1.1941,0.0000,1.0841,1.000,0.03500
728910.8150,263,LOST_SHORT,606.0,1009.4,379.4,911.4,599.5,644.2,156.62,-177.40,106.09,112.85,50.53,70.16,0.00,0.00,0.00,0.0000,0.0058,0.0000,-1.1941,0.0000,1.0841,1.000,0.03500
728910.8483,264,LOST_SHORT,623.6,994.5,391.6,903.3,602.2,645.4,158.53,-177.40,107.76,112.85,50.77,70.16,0.00,0.00,0.00,0.0000,0.0058,0.0000,-1.1941,0.0000,1.0841,1.000,0.03500
728910.8818,265,LOST_LONG,622.6,996.6,393.0,904.3,601.7,646.2,158.09,-177.40,107.04,112.85,51.05,70.16,0.00,0.00,0.00,0.0000,0.0058,0.0000,-1.1941,0.0000,1.0841,1.000,0.03500
728910.9151,266,LOST_LONG,612.9,991.8,383.3,902.2,604.9,645.7,158.70,-177.40,109.53,112.85,49.17,70.16,0.00,0.00,0.00,0.0000,0.0058,0.0000,-1.1941,0.0000,1.0841,1.000,0.03500
728910.9483,267,LOST_LONG,613.5,990.0,382.2,901.3,602.8,643.0,159.02,-177.40,109.51,112.85,49.51,70.16,0.00,0.00,0.00,0.0000,0.0058,0.0000,-1.1941,0.0000,1.0841,1.000,0.03500
728910.9816,268,LOST_LONG,622.9,992.4,402.7,898.0,593.6,632.2,156.79,-177.40,102.47,112.85,54.32,70.16,0.00,0.00,0.00,0.0000,0.0058,0.0000,-1.1941,0.0000,1.0841,1.000,0.03500
728911.0150,269,LOST_LONG,627.8,986.0,405.2,881.6,573.1,608.9,154.87,-177.40,96.49,112.85,58.37,70.16,0.00,0.00,0.00,0.0000,0.0058,0.0000,-1.1941,0.0000,1.0841,1.000,0.03500
728911.0484,270,LOST_LONG,594.5,1009.7,381.9,879.9,537.7,590.8,148.58,-177.40,86.89,112.85,61.68,70.16,0.00,0.00,0.00,0.0000,0.0058,0.0000,-1.1941,0.0000,1.0841,1.000,0.03500
728911.0816,271,LOST_LONG,587.4,1008.3,388.7,877.4,522.6,585.9,146.61,-177.40,81.27,112.85,65.34,70.16,0.00,0.00,0.00,0.0000,0.0058,0.0000,-1.1941,0.0000,1.0841,1.000,0.03500
728911.1151,272,LOST_LONG,587.4,992.8,390.0,890.2,482.7,568.1,152.54,-177.40,78.59,112.85,73.95,70.16,0.00,0.00,0.00,0.0000,0.0058,0.0000,-1.1941,0.0000,1.0841,1.000,0.03500
728911.1483,273,LOST_LONG,605.1,1000.5,429.6,905.5,495.4,627.4,151.55,-177.40,74.87,112.85,76.68,70.16,0.00,0.00,0.00,0.0000,0.0058,0.0000,-1.1941,0.0000,1.0841,1.000,0.03500
728911.1818,274,LOST_LONG,0.0,0.0,0.0,0.0,0.0,0.0,0.00,-177.40,0.00,112.85,0.00,70.16,0.00,0.00,0.00,0.0000,0.0058,0.0000,-1.1941,0.0000,1.0841,1.000,0.03500
728911.2150,275,LOST_LONG,611.9,1002.7,447.0,908.1,344.5,589.1,150.16,-177.40,42.34,112.85,107.81,70.16,0.00,0.00,0.00,0.0000,0.0058,0.0000,-1.1941,0.0000,1.0841,1.000,0.03500
728911.2483,276,TRACKING,557.7,969.6,395.6,902.9,346.7,546.8,157.65,169.84,59.83,88.84,97.82,81.00,0.00,0.00,0.00,0.6000,0.2435,-0.6000,-0.9565,0.0000,0.6504,1.000,0.03500
728911.2818,277,TRACKING,551.6,946.9,402.8,842.2,297.5,550.1,144.85,166.40,35.03,81.52,109.82,84.90,-3.44,-7.32,3.90,0.6918,0.4228,-0.5324,-0.7869,-0.0715,0.3616,1.000,0.03500
728911.3151,278,TRACKING,562.0,923.3,440.8,840.4,242.6,582.3,145.62,162.29,18.11,69.55,127.52,92.76,-7.55,-19.29,11.76,0.8014,0.5743,-0.4219,-0.6409,-0.2157,0.1307,1.000,0.03500
728911.3483,279,TRACKING,526.0,911.4,465.5,848.7,190.1,603.9,133.94,157.53,4.43,54.20,138.37,103.17,-12.31,-34.64,22.17,0.9284,0.7159,-0.2802,-0.4966,-0.4065,-0.0842,1.000,0.03500
728911.3817,280,LOST_SHORT,574.9,934.1,469.6,850.9,173.7,625.4,141.69,157.53,1.01,54.20,142.70,103.17,0.00,0.00,0.00,0.0000,0.7159,0.0000,-0.4966,0.0000,-0.0842,1.000,0.03500
728911.4151,281,LOST_SHORT,505.9,883.7,464.5,865.2,161.4,657.7,155.92,157.53,10.32,54.20,145.61,103.17,0.00,0.00,0.00,0.0000,0.7159,0.0000,-0.4966,0.0000,-0.0842,1.000,0.03500
728911.4483,282,LOST_SHORT,562.0,863.2,520.2,863.8,171.8,671.0,-179.12,157.53,29.84,54.20,151.03,103.17,0.00,0.00,0.00,0.0000,0.7159,0.0000,-0.4966,0.0000,-0.0842,1.000,0.03500
728911.4817,283,LOST_SHORT,563.7,812.2,550.1,864.6,185.5,681.5,-104.57,157.53,102.10,54.20,153.33,103.17,0.00,0.00,0.00,0.0000,0.7159,0.0000,-0.4966,0.0000,-0.0842,1.000,0.03500
728911.5151,284,LOST_SHORT,585.7,808.8,562.8,836.5,215.7,685.1,-129.53,157.53,74.04,54.20,156.44,103.17,0.00,0.00,0.00,0.0000,0.7159,0.0000,-0.4966,0.0000,-0.0842,1.000,0.03500
728911.5483,285,LOST_SHORT,579.6,790.9,595.4,833.8,249.0,685.0,-69.75,157.53,133.50,54.20,156.75,103.17,0.00,0.00,0.00,0.0000,0.7159,0.0000,-0.4966,0.0000,-0.0842,1.000,0.03500
728911.5819,286,LOST_SHORT,0.0,0.0,0.0,0.0,0.0,0.0,0.00,157.53,0.00,54.20,0.00,103.17,0.00,0.00,0.00,0.0000,0.7159,0.0000,-0.4966,0.0000,-0.0842,1.000,0.03500
728911.6150,287,LOST_SHORT,596.0,639.3,610.6,800.3,312.9,662.9,-84.80,157.53,119.97,54.20,155.23,103.17,0.00,0.00,0.00,0.0000,0.7159,0.0000,-0.4966,0.0000,-0.0842,1.000,0.03500
728911.6483,288,LOST_SHORT,580.6,829.5,576.2,806.1,301.9,690.1,100.68,157.53,56.38,54.20,157.07,103.17,0.00,0.00,0.00,0.0000,0.7159,0.0000,-0.4966,0.0000,-0.0842,1.000,0.03500
728911.6817,289,LOST_SHORT,599.1,813.0,613.7,831.5,312.3,694.9,-51.69,157.53,152.69,54.20,155.62,103.17,0.00,0.00,0.00,0.0000,0.7159,0.0000,-0.4966,0.0000,-0.0842,1.000,0.03500
728911.7160,290,LOST_SHORT,568.7,828.0,576.2,808.7,318.8,703.2,68.71,157.53,89.02,54.20,157.73,103.17,0.00,0.00,0.00,0.0000,0.7159,0.0000,-0.4966,0.0000,-0.0842,1.000,0.03500
728911.7487,291,LOST_SHORT,549.4,827.0,582.3,826.8,312.5,713.2,0.26,157.53,156.91,54.20,157.16,103.17,0.00,0.00,0.00,0.0000,0.7159,0.0000,-0.4966,0.0000,-0.0842,0.995,0.03500
728911.7816,292,LOST_SHORT,576.2,839.0,591.2,837.8,311.1,715.2,4.82,157.53,151.56,54.20,156.37,103.17,0.00,0.00,0.00,0.0000,0.7159,0.0000,-0.4966,0.0000,-0.0842,0.764,0.03070
728911.8152,293,LOST_SHORT,597.0,799.0,629.9,849.5,312.2,715.4,-56.92,157.53,145.97,54.20,157.11,103.17,0.00,0.00,0.00,0.0000,0.7159,0.0000,-0.4966,0.0000,-0.0842,0.655,0.02524
728911.8484,294,LOST_LONG,606.4,815.2,628.2,834.4,324.8,693.4,-41.50,157.53,163.44,54.20,155.06,103.17,0.00,0.00,0.00,0.0000,0.7159,0.0000,-0.4966,0.0000,-0.0842,1.000,0.03500
728911.8817,295,LOST_LONG,608.2,808.4,632.2,819.0,351.2,684.7,-23.91,157.53,178.36,54.20,154.45,103.17,0.00,0.00,0.00,0.0000,0.7159,0.0000,-0.4966,0.0000,-0.0842,1.000,0.03500
728911.9152,296,LOST_LONG,662.1,839.1,635.2,827.4,364.7,684.7,156.41,157.53,4.23,54.20,152.18,103.17,0.00,0.00,0.00,0.0000,0.7159,0.0000,-0.4966,0.0000,-0.0842,1.000,0.03500
728911.9483,297,LOST_LONG,667.7,856.8,639.6,828.6,367.4,677.9,135.02,157.53,16.00,54.20,151.02,103.17,0.00,0.00,0.00,0.0000,0.7159,0.0000,-0.4966,0.0000,-0.0842,1.000,0.03500
728911.9816,298,LOST_LONG,664.5,859.9,640.9,831.1,363.5,679.7,129.23,157.53,22.16,54.20,151.39,103.17,0.00,0.00,0.00,0.0000,0.7159,0.0000,-0.4966,0.0000,-0.0842,1.000,0.03500
728912.0150,299,LOST_LONG,611.3,826.7,636.8,831.2,352.3,690.7,-10.12,157.53,163.84,54.20,153.72,103.17,0.00,0.00,0.00,0.0000,0.7159,0.0000,-0.4966,0.0000,-0.0842,1.000,0.03500
728912.0483,300,LOST_LONG,602.8,829.1,635.2,832.9,342.7,696.1,-6.80,157.53,161.73,54.20,154.93,103.17,0.00,0.00,0.00,0.0000,0.7159,0.0000,-0.4966,0.0000,-0.0842,0.869,0.03500
728912.0820,301,LOST_LONG,608.0,851.4,639.0,858.0,330.2,703.2,-12.04,157.53,165.40,54.20,153.37,103.17,0.00,0.00,0.00,0.0000,0.7159,0.0000,-0.4966,0.0000,-0.0842,0.798,0.03238
728912.1151,302,LOST_LONG,601.6,825.0,644.2,864.0,317.4,709.5,-42.49,157.53,162.81,54.20,154.70,103.17,0.00,0.00,0.00,0.0000,0.7159,0.0000,-0.4966,0.0000,-0.0842,0.498,0.01742
728912.1483,303,LOST_LONG,664.3,875.6,666.8,882.3,309.7,706.5,0.00,157.53,0.00,54.20,0.00,103.17,0.00,0.00,0.00,0.0000,0.7159,0.0000,-0.4966,0.0000,-0.0842,1.000,0.03500
728912.1817,304,LOST_LONG,664.1,902.5,658.7,884.9,305.6,714.5,106.91,157.53,47.33,54.20,154.24,103.17,0.00,0.00,0.00,0.0000,0.7159,0.0000,-0.4966,0.0000,-0.0842,1.000,0.03500
728912.2150,305,LOST_LONG,635.5,893.9,651.6,881.2,296.7,723.4,38.24,157.53,117.78,54.20,156.03,103.17,0.00,0.00,0.00,0.0000,0.7159,0.0000,-0.4966,0.0000,-0.0842,1.000,0.03500
728912.2483,306,LOST_LONG,643.7,893.5,655.0,896.2,293.7,733.9,-13.32,157.53,169.13,54.20,155.81,103.17,0.00,0.00,0.00,0.0000,0.7159,0.0000,-0.4966,0.0000,-0.0842,1.000,0.03500
728912.2818,307,LOST_LONG,646.3,906.3,651.4,905.3,286.2,745.2,0.00,157.53,0.00,54.20,0.00,103.17,0.00,0.00,0.00,0.0000,0.7159,0.0000,-0.4966,0.0000,-0.0842,1.000,0.03500
728912.3151,308,LOST_LONG,662.5,906.7,643.0,916.7,279.1,753.0,-152.73,157.53,51.49,54.20,155.78,103.17,0.00,0.00,0.00,0.0000,0.7159,0.0000,-0.4966,0.0000,-0.0842,1.000,0.03500
728912.3485,309,LOST_LONG,605.0,904.8,611.3,919.8,271.4,761.1,-67.13,157.53,137.91,54.20,154.96,103.17,0.00,0.00,0.00,0.0000,0.6881,0.0000,-0.5214,0.0000,-0.0640,1.000,0.03500
728912.3818,310,LOST_LONG,660.6,920.0,637.9,924.0,267.2,764.5,-169.98,157.53,33.31,54.20,156.71,103.17,0.00,0.00,0.00,0.0000,0.6669,0.0000,-0.5403,0.0000,-0.0486,1.000,0.03500
728912.4152,311,LOST_LONG,653.1,917.8,625.1,919.2,269.1,761.0,-177.01,157.53,26.95,54.20,156.04,103.17,0.00,0.00,0.00,0.0000,0.6509,0.0000,-0.5546,0.0000,-0.0369,1.000,0.03500
728912.4484,312,LOST_LONG,636.1,937.6,619.9,915.6,264.1,755.0,126.26,157.53,29.45,54.20,155.70,103.17,0.00,0.00,0.00,0.0000,0.6387,0.0000,-0.5655,0.0000,-0.0281,1.000,0.03500
728912.4817,313,LOST_LONG,647.8,929.5,619.6,916.4,263.4,741.0,155.14,157.53,1.36,54.20,153.78,103.17,0.00,0.00,0.00,0.0000,0.6294,0.0000,-0.5738,0.0000,-0.0213,1.000,0.03500
728912.5150,314,LOST_LONG,649.3,936.7,599.9,902.3,264.3,716.9,145.13,157.53,5.97,54.20,151.09,103.17,0.00,0.00,0.00,0.0000,0.6223,0.0000,-0.5801,0.0000,-0.0162,1.000,0.03500
728912.5483,315,LOST_LONG,662.2,935.3,612.9,916.9,270.4,683.0,159.49,157.53,13.83,54.20,145.67,103.17,0.00,0.00,0.00,0.0000,0.6170,0.0000,-0.5849,0.0000,-0.0123,1.000,0.03500
728912.5818,316,LOST_LONG,641.2,925.6,559.0,901.3,289.4,649.8,163.48,157.53,26.49,54.20,136.99,103.17,0.00,0.00,0.00,0.0000,0.6129,0.0000,-0.5885,0.0000,-0.0123,1.000,0.03500
728912.6151,317,TRACKING,615.5,939.4,477.8,909.9,291.1,621.7,167.89,156.12,44.95,28.56,122.94,127.56,0.00,0.00,0.00,0.6000,0.6077,-0.6000,-0.5931,0.0000,-0.0074,1.000,0.03500
728912.6483,318,LOST_SHORT,591.9,962.8,406.6,923.3,311.0,591.5,167.96,156.12,61.88,28.56,106.08,127.56,0.00,0.00,0.00,0.0000,0.6077,0.0000,-0.5931,0.0000,-0.0074,1.000,0.03500
728912.6816,319,TRACKING,585.8,993.0,369.2,930.4,330.5,570.9,163.86,157.72,67.71,36.44,96.15,121.26,1.60,7.88,-6.30,0.5573,0.5875,-0.6728,-0.6250,0.1155,0.0417,1.000,0.03500
728912.7150,320,TRACKING,555.9,975.5,397.2,947.0,356.3,554.7,169.85,160.16,73.90,45.42,95.95,114.75,4.04,16.86,-12.81,0.4923,0.5494,-0.7556,-0.6772,0.2349,0.1190,1.000,0.03500
728912.7483,321,LOST_SHORT,0.0,0.0,0.0,0.0,0.0,0.0,0.00,160.16,0.00,45.42,0.00,114.75,0.00,0.00,0.00,0.0000,0.5494,0.0000,-0.6772,0.0000,0.1190,1.000,0.03500
728912.7816,322,TRACKING,555.6,951.9,341.8,870.5,408.2,527.9,159.15,160.72,80.11,54.03,79.04,106.78,4.60,25.47,-20.79,0.4774,0.5206,-0.8351,-0.7404,0.3811,0.2238,1.000,0.03500
728912.8150,323,LOST_SHORT,573.6,945.2,344.3,924.3,439.1,535.7,174.79,160.72,98.49,54.03,76.30,106.78,0.00,0.00,0.00,0.0000,0.5206,0.0000,-0.7404,0.0000,0.2238,1.000,0.03500
728912.8483,324,TRACKING,577.5,910.6,326.8,863.6,489.9,556.2,169.39,162.47,107.35,66.80,62.04,95.80,6.35,38.24,-31.76,0.4307,0.4846,-0.9530,-0.8254,0.5823,0.3672,1.000,0.03500
728912.8817,325,LOST_SHORT,603.1,913.6,331.6,853.9,539.3,585.6,167.60,162.47,115.35,66.80,52.26,95.80,0.00,0.00,0.00,0.0000,0.4846,0.0000,-0.8254,0.0000,0.3672,1.000,0.03500
728912.9151,326,LOST_SHORT,597.2,844.2,315.8,862.2,576.2,620.4,-176.32,162.47,140.79,66.80,42.89,95.80,0.00,0.00,0.00,0.0000,0.4846,0.0000,-0.8254,0.0000,0.3672,1.000,0.03500
728912.9483,327,TRACKING,569.6,846.3,309.9,867.5,569.9,625.7,-175.33,166.86,141.74,86.81,42.92,80.22,10.74,58.26,-47.34,0.3136,0.4162,-1.1377,-0.9504,0.8679,0.5675,1.000,0.03500
728912.9816,328,TRACKING,554.2,904.1,290.4,901.4,513.3,594.8,179.41,170.46,125.44,101.15,53.98,70.09,14.34,72.60,-57.47,0.2175,0.3368,-1.2000,-1.0502,1.0537,0.7620,1.000,0.03500
728913.0151,329,TRACKING,563.0,937.7,297.2,822.5,446.2,553.9,156.57,169.27,95.59,104.88,60.98,64.96,13.15,76.33,-62.60,0.2492,0.3018,-1.2000,-1.1101,1.1000,0.8972,1.000,0.03500
728913.0483,330,LOST_SHORT,628.5,945.0,531.3,864.1,363.8,523.8,140.25,169.27,24.05,104.88,116.20,64.96,0.00,0.00,0.00,0.0000,0.3018,0.0000,-1.1101,0.0000,0.8972,1.000,0.03500
728913.0816,331,LOST_SHORT,692.4,894.9,596.6,953.1,466.7,880.1,-148.73,169.27,60.59,104.88,150.68,64.96,0.00,0.00,0.00,0.0000,0.3018,0.0000,-1.1101,0.0000,0.8972,1.000,0.03500
728913.1151,332,LOST_SHORT,685.2,882.4,567.6,929.1,447.7,872.5,-158.33,169.27,46.97,104.88,154.70,64.96,0.00,0.00,0.00,0.0000,0.3018,0.0000,-1.1101,0.0000,0.8972,1.000,0.03500
728913.1483,333,TRACKING,563.7,886.4,390.7,848.9,216.5,653.3,167.76,169.27,36.07,83.64,131.68,85.38,13.15,55.09,-42.18,0.2492,0.2807,-1.1085,-1.1101,0.7733,0.8476,1.000,0.03500
728913.1817,334,LOST_SHORT,0.0,0.0,0.0,0.0,0.0,0.0,0.00,169.27,0.00,83.64,0.00,85.38,0.00,0.00,0.00,0.0000,0.2807,0.0000,-1.1101,0.0000,0.8476,1.000,0.03500
728913.2152,335,LOST_SHORT,606.3,926.7,557.1,927.0,436.3,861.2,-179.56,169.27,29.02,83.64,151.42,85.38,0.00,0.00,0.00,0.0000,0.2807,0.0000,-1.1101,0.0000,0.8476,1.000,0.03500
728913.2483,336,LOST_SHORT,0.0,0.0,0.0,0.0,0.0,0.0,0.00,169.27,0.00,83.64,0.00,85.38,0.00,0.00,0.00,0.0000,0.2807,0.0000,-1.1101,0.0000,0.8476,1.000,0.03500
728913.2818,337,LOST_SHORT,0.0,0.0,0.0,0.0,0.0,0.0,0.00,169.27,0.00,83.64,0.00,85.38,0.00,0.00,0.00,0.0000,0.2807,0.0000,-1.1101,0.0000,0.8476,1.000,0.03500
728913.3151,338,LOST_SHORT,0.0,0.0,0.0,0.0,0.0,0.0,0.00,169.27,0.00,83.64,0.00,85.38,0.00,0.00,0.00,0.0000,0.2807,0.0000,-1.1101,0.0000,0.8476,1.000,0.03500
728913.3483,339,LOST_SHORT,0.0,0.0,0.0,0.0,0.0,0.0,0.00,169.27,0.00,83.64,0.00,85.38,0.00,0.00,0.00,0.0000,0.2807,0.0000,-1.1101,0.0000,0.8476,1.000,0.03500
728913.3817,340,LOST_SHORT,0.0,0.0,0.0,0.0,0.0,0.0,0.00,169.27,0.00,83.64,0.00,85.38,0.00,0.00,0.00,0.0000,0.2807,0.0000,-1.1101,0.0000,0.8476,1.000,0.03500
728913.4150,341,LOST_SHORT,679.4,865.9,484.2,864.8,259.8,768.8,179.69,169.27,22.86,83.64,156.83,85.38,0.00,0.00,0.00,0.0000,0.2807,0.0000,-1.1101,0.0000,0.8476,1.000,0.03500
728913.4483,342,LOST_SHORT,0.0,0.0,0.0,0.0,0.0,0.0,0.00,169.27,0.00,83.64,0.00,85.38,0.00,0.00,0.00,0.0000,0.2807,0.0000,-1.1101,0.0000,0.8476,1.000,0.03500
728913.4816,343,TRACKING,661.0,867.3,413.0,878.1,223.5,671.6,-177.51,173.20,49.95,69.19,132.54,103.85,17.08,40.63,-23.72,0.1445,0.2262,-0.9751,-1.0561,0.4348,0.6825,1.000,0.03500
728913.5150,344,LOST_SHORT,671.6,878.5,567.6,945.8,438.6,885.9,-147.10,173.20,57.82,69.19,155.09,103.85,0.00,0.00,0.00,0.0000,0.2262,0.0000,-1.0561,0.0000,0.6825,1.000,0.03500
728913.5483,345,TRACKING,578.2,942.2,318.5,909.9,340.7,660.4,172.93,175.83,88.01,69.19,84.91,106.97,19.71,40.63,-20.59,0.0745,0.1655,-0.9751,-1.0237,0.3775,0.5605,1.000,0.03500
728913.5817,346,TRACKING,547.9,923.0,305.2,866.6,425.5,540.3,166.92,175.08,97.16,76.18,69.77,99.27,18.96,47.62,-28.29,0.0944,0.1371,-1.0396,-1.0301,0.5187,0.5438,1.000,0.03500
728913.6151,347,TRACKING,554.8,946.0,280.5,895.8,490.2,586.5,169.62,173.86,113.77,85.93,55.85,88.29,17.75,57.37,-39.27,0.1268,0.1330,-1.1296,-1.0699,0.7200,0.6143,1.000,0.03500
728913.6485,348,LOST_SHORT,560.5,951.2,314.0,907.1,535.5,631.4,169.87,173.86,118.65,85.93,51.22,88.29,0.00,0.00,0.00,0.0000,0.1330,0.0000,-1.0699,0.0000,0.6143,1.000,0.03500
728913.6816,349,LOST_SHORT,550.2,940.3,309.2,921.0,549.6,649.6,175.42,173.86,126.95,85.93,48.47,88.29,0.00,0.00,0.00,0.0000,0.1330,0.0000,-1.0699,0.0000,0.6143,1.000,0.03500
728913.7151,350,TRACKING,551.6,916.0,304.1,924.3,539.2,649.1,-178.09,174.71,132.43,100.01,49.48,75.02,18.59,71.46,-52.54,0.1043,0.1215,-1.2000,-1.1219,0.9632,0.7539,1.000,0.03500
728913.7483,351,TRACKING,567.0,930.1,298.2,921.2,517.1,629.6,178.10,175.56,125.00,109.22,53.10,66.66,19.44,80.66,-60.90,0.0816,0.1055,-1.2000,-1.1532,1.1000,0.8923,1.000,0.03500
728913.7817,352,TRACKING,564.4,979.2,295.0,908.5,493.6,613.0,165.29,174.16,109.20,112.25,56.09,62.05,18.04,83.70,-65.51,0.1190,0.1109,-1.2000,-1.1719,1.1000,0.9754,1.000,0.03500
728913.8152,353,TRACKING,578.2,973.8,280.4,917.2,477.6,605.8,169.23,172.85,111.59,113.13,57.64,59.77,16.73,84.57,-67.79,0.1537,0.1280,-1.2000,-1.1831,1.1000,1.0252,1.000,0.03500
728913.8487,354,TRACKING,564.3,973.4,258.3,909.1,455.2,596.6,168.14,171.62,110.34,113.13,57.79,58.67,15.50,84.57,-68.90,0.1865,0.1514,-1.2000,-1.1899,1.1000,1.0551,1.000,0.03500
728913.8817,355,TRACKING,572.8,974.9,240.1,902.8,439.0,594.0,167.76,170.56,110.56,112.60,57.20,58.05,14.44,84.04,-69.51,0.2150,0.1769,-1.2000,-1.1939,1.1000,1.0731,1.000,0.03500
728913.9153,356,TRACKING,565.0,979.2,238.7,919.1,411.9,585.2,169.56,170.02,106.98,111.50,62.58,58.56,13.90,82.95,-69.00,0.2292,0.1978,-1.2000,-1.1939,1.1000,1.0839,1.000,0.03500
728913.9484,357,TRACKING,549.8,960.2,234.0,946.5,383.2,578.4,177.51,170.99,109.58,110.74,67.93,60.29,14.88,82.19,-67.28,0.2033,0.1978,-1.2000,-1.1939,1.1000,1.0903,1.000,0.03500
728913.9824,358,TRACKING,509.8,968.7,260.3,961.8,357.9,578.1,178.41,172.39,102.68,109.03,75.73,63.38,16.28,80.48,-64.18,0.1660,0.1851,-1.2000,-1.1939,1.1000,1.0942,1.000,0.03500
728914.0150,359,TRACKING,551.1,978.6,310.9,960.3,321.1,574.3,175.65,173.40,87.16,104.96,88.49,68.45,17.28,76.40,-59.11,0.1392,0.1667,-1.2000,-1.1939,1.0837,1.0900,1.000,0.03500
728914.0483,360,TRACKING,591.8,966.9,330.4,969.2,304.6,573.2,-179.50,174.87,86.77,100.56,93.73,74.32,18.75,72.00,-53.24,0.1000,0.1401,-1.2000,-1.1939,0.9760,1.0444,1.000,0.03500
728914.0822,361,TRACKING,611.5,965.7,351.5,973.7,301.4,580.6,-178.22,176.48,84.52,96.41,97.26,80.10,20.36,67.85,-47.46,0.0571,0.1069,-1.2000,-1.1939,0.8701,0.9747,1.000,0.03500
728914.1150,362,LOST_SHORT,583.7,998.9,326.1,972.5,315.8,586.7,174.15,176.48,82.62,96.41,91.53,80.10,0.00,0.00,0.00,0.0000,0.1069,0.0000,-1.1939,0.0000,0.9747,1.000,0.03500
728914.1483,363,TRACKING,536.1,999.6,280.8,974.2,341.0,585.8,174.32,176.48,93.14,94.39,81.17,82.37,20.36,65.83,-45.20,0.0571,0.0870,-1.2000,-1.1939,0.8286,0.9162,1.000,0.03500
728914.1817,364,TRACKING,556.8,974.5,227.1,961.9,368.8,593.6,177.81,176.48,108.86,96.01,68.95,81.00,20.36,67.45,-46.56,0.0571,0.0750,-1.2000,-1.1939,0.8536,0.8912,1.000,0.03500
728914.2151,365,TRACKING,573.2,980.1,231.3,945.2,387.4,593.3,174.17,176.48,108.09,98.44,66.08,78.16,20.36,69.89,-49.40,0.0571,0.0679,-1.2000,-1.1939,0.9057,0.8970,1.000,0.03500
728914.2483,366,TRACKING,566.5,980.9,229.6,935.6,390.6,585.9,172.35,175.68,107.07,100.65,65.28,75.11,19.57,72.10,-52.46,0.0782,0.0720,-1.2000,-1.1939,0.9617,0.9229,1.000,0.03500
728914.2818,367,TRACKING,552.4,976.1,232.0,947.0,371.2,578.5,174.82,175.68,105.51,102.21,69.30,73.10,19.57,73.65,-54.46,0.0782,0.0720,-1.2000,-1.1939,0.9985,0.9531,1.000,0.03500
728914.3152,368,TRACKING,549.6,973.5,235.8,959.4,358.7,587.8,177.42,175.68,105.72,103.31,71.70,72.16,19.57,74.75,-55.40,0.0782,0.0720,-1.2000,-1.1939,1.0156,0.9781,1.000,0.03500
728914.3489,369,TRACKING,528.5,977.2,275.8,969.3,344.1,587.4,178.22,175.68,98.36,102.88,79.86,73.04,19.57,74.32,-54.52,0.0782,0.0720,-1.2000,-1.1939,0.9995,0.9867,1.000,0.03500
728914.3817,370,TRACKING,569.9,964.9,256.2,967.5,332.4,590.0,-179.52,176.67,101.90,102.88,78.58,74.23,20.55,74.32,-53.33,0.0520,0.0640,-1.2000,-1.1939,0.9778,0.9831,1.000,0.03500
728914.4151,371,TRACKING,575.7,982.4,245.6,969.0,319.3,591.6,177.67,177.17,98.70,102.06,78.96,75.40,21.05,73.50,-52.16,0.0386,0.0538,-1.2000,-1.1939,0.9564,0.9724,1.000,0.03500
728914.4484,372,TRACKING,580.0,966.3,262.6,980.4,324.5,585.0,-177.46,178.20,101.43,102.06,81.11,76.73,22.08,73.50,-50.84,0.0111,0.0367,-1.2000,-1.1939,0.9320,0.9562,1.000,0.03500
728914.4818,373,TRACKING,559.0,979.3,267.3,975.7,336.8,579.5,179.29,178.75,99.24,101.40,80.04,77.73,22.63,72.84,-49.84,0.0000,0.0220,-1.2000,-1.1939,0.9137,0.9392,1.000,0.03500
728914.5152,374,TRACKING,521.0,972.5,272.5,981.4,342.2,582.0,-177.95,179.42,101.95,101.40,80.10,78.46,23.30,72.84,-49.10,0.0000,0.0132,-1.2000,-1.1939,0.9002,0.9236,1.000,0.03500
728914.5484,375,TRACKING,474.6,984.7,380.7,924.4,323.5,578.9,147.28,177.04,47.89,95.55,99.39,81.79,20.93,67.00,-45.78,0.0420,0.0247,-1.2000,-1.1939,0.8392,0.8899,1.000,0.03500
728914.5816,376,TRACKING,520.7,985.1,500.2,904.2,332.2,541.5,104.20,169.95,10.66,81.90,114.86,88.34,13.83,53.35,-39.22,0.2311,0.1073,-1.0924,-1.1533,0.7191,0.8216,0.854,0.03500
728914.6151,377,TRACKING,591.3,968.3,359.1,940.2,349.7,577.0,173.10,168.75,81.61,77.59,91.49,91.23,12.64,49.03,-36.33,0.2630,0.1696,-1.0526,-1.1130,0.6661,0.7594,0.180,0.00152
728914.6483,378,TRACKING,541.7,953.2,249.0,961.0,354.8,575.0,-178.48,171.04,106.84,81.69,74.68,89.47,14.92,53.14,-38.09,0.2021,0.1826,-1.0905,-1.1040,0.6983,0.7350,1.000,0.03500
728914.6817,379,TRACKING,555.7,966.3,258.2,943.6,356.0,575.8,175.64,172.59,100.54,86.18,75.10,86.56,16.47,57.62,-41.00,0.1607,0.1738,-1.1319,-1.1152,0.7517,0.7416,1.000,0.03500
728914.7151,380,TRACKING,523.2,968.4,236.6,960.9,354.8,584.9,178.49,174.10,105.95,90.98,72.54,83.27,17.99,62.43,-44.29,0.1204,0.1525,-1.1762,-1.1396,0.8120,0.7698,1.000,0.03500
728914.7483,381,TRACKING,543.4,953.3,245.5,945.8,348.8,578.9,178.55,175.36,104.27,94.82,74.29,80.68,19.24,66.26,-46.88,0.0869,0.1262,-1.2000,-1.1638,0.8595,0.8057,1.000,0.03500
728914.7816,382,TRACKING,550.9,949.9,236.1,951.7,348.8,582.7,-179.68,176.62,107.32,98.20,73.00,78.54,20.50,69.64,-49.03,0.0534,0.0971,-1.2000,-1.1783,0.8988,0.8429,1.000,0.03500
728914.8150,383,TRACKING,545.7,940.0,236.6,953.6,355.3,584.3,-177.48,178.01,110.34,101.34,72.18,76.77,21.89,72.78,-50.80,0.0163,0.0648,-1.2000,-1.1870,0.9313,0.8783,1.000,0.03500
728914.8483,384,LOST_SHORT,546.4,956.0,242.0,966.1,363.8,588.8,-178.10,178.01,109.80,101.34,72.11,76.77,0.00,0.00,0.00,0.0000,0.0648,0.0000,-1.1870,0.0000,0.8783,1.000,0.03500
728914.8817,385,LOST_SHORT,540.6,962.1,247.1,977.4,365.3,588.4,-177.02,178.01,109.88,101.34,73.10,76.77,0.00,0.00,0.00,0.0000,0.0648,0.0000,-1.1870,0.0000,0.8783,1.000,0.03500
728914.9151,386,LOST_SHORT,546.5,956.6,247.2,965.6,359.3,584.3,-178.28,178.01,108.11,101.34,73.61,76.77,0.00,0.00,0.00,0.0000,0.0648,0.0000,-1.1870,0.0000,0.8783,1.000,0.03500
728914.9483,387,LOST_SHORT,550.7,949.3,242.9,973.1,342.4,574.7,-175.58,178.01,108.43,101.34,75.99,76.77,0.00,0.00,0.00,0.0000,0.0648,0.0000,-1.1870,0.0000,0.8783,1.000,0.03500
728914.9817,388,LOST_SHORT,570.5,960.3,245.5,963.1,333.5,573.3,-179.51,178.01,103.22,101.34,77.28,76.77,0.00,0.00,0.00,0.0000,0.0648,0.0000,-1.1870,0.0000,0.8783,1.000,0.03500
728915.0150,389,LOST_SHORT,569.7,969.4,249.7,958.2,339.9,569.9,177.99,178.01,101.06,101.34,76.93,76.77,0.00,0.00,0.00,0.0000,0.0648,0.0000,-1.1870,0.0000,0.8783,1.000,0.03500
728915.0484,390,LOST_SHORT,565.9,959.0,246.9,971.3,352.1,565.8,-177.78,178.01,106.76,101.34,75.46,76.77,0.00,0.00,0.00,0.0000,0.0648,0.0000,-1.1870,0.0000,0.8783,1.000,0.03500
728915.0817,391,TRACKING,560.7,964.7,248.9,966.2,357.1,564.7,-179.73,179.40,105.35,103.17,74.92,76.31,23.28,74.61,-51.26,0.0000,0.0389,-1.2000,-1.1922,0.9397,0.9028,1.000,0.03500
728915.1152,392,TRACKING,545.1,954.8,242.5,986.4,339.7,571.6,-174.05,-179.07,109.15,104.76,76.80,76.31,24.81,76.20,-51.26,0.0000,0.0233,-1.2000,-1.1922,0.9397,0.9176,1.000,0.03500
728915.1484,393,TRACKING,522.1,976.1,257.1,997.7,329.1,564.7,-175.35,-177.95,104.09,105.19,80.56,76.95,25.93,76.63,-50.61,0.0000,0.0140,-1.2000,-1.1922,0.9279,0.9217,1.000,0.03500
728915.1816,394,TRACKING,524.0,973.7,239.1,990.4,345.3,564.4,-176.65,-177.34,107.34,105.69,76.01,76.95,26.54,77.13,-50.61,0.0000,0.0084,-1.2000,-1.1922,0.9279,0.9217,1.000,0.03500
728915.2151,395,TRACKING,539.8,957.4,239.7,978.3,331.9,567.1,-176.03,-176.92,106.61,105.69,77.36,76.95,26.96,77.13,-50.61,0.0000,0.0050,-1.2000,-1.1922,0.9279,0.9217,1.000,0.03500
728915.2484,396,TRACKING,553.9,969.7,251.8,977.0,326.1,560.3,-178.63,-176.92,101.48,105.20,79.89,77.47,26.96,76.64,-50.09,0.0000,0.0050,-1.2000,-1.1922,0.9183,0.9217,1.000,0.03500
728915.2817,397,TRACKING,546.1,996.0,310.4,976.7,337.8,713.3,175.30,-178.07,91.23,103.19,84.08,78.47,25.81,74.63,-49.09,0.0000,0.0050,-1.2000,-1.1922,0.8999,0.9130,1.000,0.03500
728915.3151,398,TRACKING,539.2,988.4,302.3,980.6,341.0,716.2,178.13,-179.06,96.46,101.46,81.67,79.31,24.82,72.90,-48.26,0.0000,0.0050,-1.2000,-1.1922,0.8847,0.9017,1.000,0.03500
728915.3483,399,TRACKING,583.4,991.6,269.6,978.7,314.8,553.5,177.65,-179.96,93.71,99.51,83.93,80.41,23.92,70.95,-47.15,0.0000,0.0050,-1.2000,-1.1922,0.8644,0.8867,1.000,0.03500
