frame,state,human_u_flt,human_v_flt,du,dv,tcp_target_x,tcp_target_z,ik_q2,ik_q3,ik_jump,ik_time_ms,joint2,joint3,joint5,joint6,tcp_actual_x,tcp_actual_z,raw_wrist_pitch,flt_wrist_pitch,raw_elbow,reach_raw
32,TRACKING,0.00000,0.00000,0.00000,0.00000,0.00000,0.00000,0.00000,0.00000,0.0000,0.000,1.5040,-0.9900,0.0000,0.0000,0.31580,0.32833,0.00,0.00,138.10,0.0000
42,TRACKING,0.00000,0.00000,0.00000,0.00000,0.00000,0.00000,0.00000,0.00000,0.0000,0.000,1.5040,-0.9900,0.0000,0.0000,0.33918,0.28689,0.00,0.00,136.53,0.0000
52,LOST_SHORT,0.00000,0.00000,0.00000,0.00000,0.00000,0.00000,0.00000,0.00000,0.0000,0.000,1.5040,-0.9900,0.0000,0.0000,0.33980,0.28563,0.00,0.00,93.24,0.0000
62,LOST_LONG,0.00000,0.00000,0.00000,0.00000,0.00000,0.00000,0.00000,0.00000,0.0000,0.000,1.5040,-0.9900,0.0000,0.0000,0.33981,0.28563,0.00,0.00,88.69,0.0000
72,LOST_LONG,0.00000,0.00000,0.00000,0.00000,0.00000,0.00000,0.00000,0.00000,0.0000,0.000,1.5040,-0.9900,0.0000,0.0000,0.33980,0.28561,0.00,0.00,81.35,0.0000
82,LOST_SHORT,-0.18987,-0.65186,0.09643,-0.23326,0.31309,0.21117,1.54616,-0.78882,0.1266,0.643,1.4969,-0.8467,0.0000,0.0000,0.32996,0.26647,0.00,0.00,66.29,0.0000
92,TRACKING,0.16439,-0.88922,0.57103,-0.46118,0.20000,0.13140,1.42834,-0.33678,0.0668,0.562,1.4251,-0.3768,0.0000,0.0000,0.30544,0.24493,0.00,0.00,35.28,0.9563
102,TRACKING,0.33030,-0.89636,0.73299,-0.41058,0.20000,0.14911,1.34555,-0.34211,0.0548,0.842,1.3783,-0.3457,0.0000,0.0000,0.27604,0.21734,0.00,0.00,33.75,0.9625
112,TRACKING,0.51070,-0.84292,0.85733,-0.37234,0.20000,0.16249,1.28753,-0.34972,0.0126,0.729,1.2947,-0.3457,0.0000,0.0000,0.23992,0.19675,0.00,0.00,18.38,0.9878
122,TRACKING,0.63127,-0.76677,1.02356,-0.25308,0.20000,0.20423,1.13507,-0.39194,0.0911,0.545,1.1872,-0.3754,0.0000,0.0000,0.20735,0.16921,0.00,0.00,8.89,0.9959
132,TRACKING,0.59690,-0.57335,0.85177,-0.20010,0.20000,0.22278,1.08165,-0.41887,0.1250,0.642,1.0268,-0.4701,0.1069,-0.5634,0.21026,0.21258,0.00,-62.45,137.30,0.8432
142,TRACKING,-0.06177,-0.62207,0.31157,-0.26951,0.23779,0.19848,1.31288,-0.51103,0.2130,0.740,1.3077,-0.6388,0.1352,-1.4104,0.20476,0.21091,0.00,-62.45,26.55,0.7351
152,LOST_SHORT,0.07870,-0.92144,0.41108,-0.49071,0.20296,0.12106,1.48910,-0.34659,0.0466,0.596,1.4627,-0.3556,0.1352,-1.4104,0.21381,0.17971,0.00,-62.45,73.37,0.0000
162,LOST_SHORT,0.07870,-0.92144,0.41108,-0.49071,0.20296,0.12106,1.48910,-0.34659,0.0466,0.596,1.4627,-0.3556,0.1352,-1.4104,0.19376,0.13227,0.00,-62.45,134.60,0.0000
172,LOST_LONG,0.07870,-0.92144,0.41108,-0.49071,0.20296,0.12106,1.48910,-0.34659,0.0466,0.596,1.4627,-0.3556,0.1352,-1.4104,0.17837,0.13520,0.00,-62.45,113.99,0.0000
182,LOST_LONG,0.07870,-0.92144,0.41108,-0.49071,0.20296,0.12106,1.48910,-0.34659,0.0466,0.596,1.4935,-0.8292,0.0343,-0.3576,0.17194,0.13581,0.00,-62.45,117.85,0.0000
192,LOST_LONG,0.07870,-0.92144,0.41108,-0.49071,0.20296,0.12106,1.48910,-0.34659,0.0466,0.596,1.4935,-0.9797,0.0114,-0.0230,0.23625,0.15963,0.00,-62.45,130.05,0.0000
202,LOST_LONG,0.07870,-0.92144,0.41108,-0.49071,0.20296,0.12106,1.48910,-0.34659,0.0466,0.596,1.4935,-0.9797,0.0114,-0.0133,0.28520,0.20210,0.00,-62.45,179.20,0.0000
212,LOST_LONG,0.07870,-0.92144,0.41108,-0.49071,0.20296,0.12106,1.48910,-0.34659,0.0466,0.596,1.4935,-0.9797,0.0114,-0.0133,0.32287,0.25556,0.00,-62.45,0.00,0.0000
222,LOST_LONG,0.07870,-0.92144,0.41108,-0.49071,0.20296,0.12106,1.48910,-0.34659,0.0466,0.596,1.4935,-0.9797,0.0114,-0.0133,0.33633,0.28472,0.00,-62.45,0.00,0.0000
232,LOST_LONG,0.07870,-0.92144,0.41108,-0.49071,0.20296,0.12106,1.48910,-0.34659,0.0466,0.596,1.4935,-0.9797,0.0114,-0.0133,0.33640,0.28490,0.00,-62.45,0.00,0.0000
242,LOST_LONG,0.07870,-0.92144,0.41108,-0.49071,0.20296,0.12106,1.48910,-0.34659,0.0466,0.596,1.4935,-0.9797,0.0114,-0.0133,0.33640,0.28489,0.00,-62.45,0.00,0.0000
252,LOST_LONG,0.07870,-0.92144,0.41108,-0.49071,0.20296,0.12106,1.48910,-0.34659,0.0466,0.596,1.4935,-0.9797,0.0114,-0.0133,0.33640,0.28490,0.00,-62.45,0.00,0.0000
262,LOST_LONG,0.07870,-0.92144,0.41108,-0.49071,0.20296,0.12106,1.48910,-0.34659,0.0466,0.596,1.4935,-0.9797,0.0114,-0.0133,0.33640,0.28492,0.00,-62.45,0.00,0.0000
272,LOST_LONG,0.07870,-0.92144,0.41108,-0.49071,0.20296,0.12106,1.48910,-0.34659,0.0466,0.596,1.4935,-0.9797,0.0114,-0.0133,0.33640,0.28492,0.00,-62.45,0.00,0.0000
282,LOST_LONG,0.07870,-0.92144,0.41108,-0.49071,0.20296,0.12106,1.48910,-0.34659,0.0466,0.596,1.4935,-0.9797,0.0114,-0.0133,0.33640,0.28491,0.00,-62.45,5.01,0.0000
292,LOST_LONG,0.07870,-0.92144,0.41108,-0.49071,0.20296,0.12106,1.48910,-0.34659,0.0466,0.596,1.4935,-0.9797,0.0114,-0.0133,0.33640,0.28490,0.00,-62.45,20.75,0.0000
302,LOST_LONG,0.07870,-0.92144,0.41108,-0.49071,0.20296,0.12106,1.48910,-0.34659,0.0466,0.596,1.4935,-0.9797,0.0114,-0.0133,0.33640,0.28491,0.00,-62.45,26.58,0.0000
312,LOST_LONG,0.07870,-0.92144,0.41108,-0.49071,0.20296,0.12106,1.48910,-0.34659,0.0466,0.596,1.4935,-0.9797,0.0114,-0.0133,0.33640,0.28490,0.00,-62.45,57.86,0.0000
322,LOST_LONG,0.07870,-0.92144,0.41108,-0.49071,0.20296,0.12106,1.48910,-0.34659,0.0466,0.596,1.4935,-0.9797,0.0114,-0.0133,0.33640,0.28492,0.00,-62.45,52.33,0.0000
332,LOST_LONG,0.07870,-0.92144,0.41108,-0.49071,0.20296,0.12106,1.48910,-0.34659,0.0466,0.596,1.4935,-0.9797,0.0114,-0.0133,0.33640,0.28490,0.00,-62.45,49.71,0.0000
342,LOST_LONG,0.07870,-0.92144,0.41108,-0.49071,0.20296,0.12106,1.48910,-0.34659,0.0466,0.596,1.4935,-0.9797,0.0114,-0.0133,0.33640,0.28492,0.00,-62.45,49.36,0.0000
352,LOST_LONG,0.07870,-0.92144,0.41108,-0.49071,0.20296,0.12106,1.48910,-0.34659,0.0466,0.596,1.4935,-0.9797,0.0114,-0.0133,0.33641,0.28493,0.00,-62.45,14.45,0.0000
362,LOST_LONG,0.07870,-0.92144,0.41108,-0.49071,0.20296,0.12106,1.48910,-0.34659,0.0466,0.596,1.4935,-0.9797,0.0114,-0.0133,0.33640,0.28491,0.00,-62.45,120.56,0.0000
372,LOST_LONG,0.07870,-0.92144,0.41108,-0.49071,0.20296,0.12106,1.48910,-0.34659,0.0466,0.596,1.4935,-0.9797,0.0114,-0.0133,0.33640,0.28490,0.00,-62.45,110.84,0.0000
382,LOST_LONG,0.07870,-0.92144,0.41108,-0.49071,0.20296,0.12106,1.48910,-0.34659,0.0466,0.596,1.4935,-0.9797,0.0114,-0.0133,0.33640,0.28489,0.00,-62.45,111.87,0.0000
392,LOST_LONG,0.07870,-0.92144,0.41108,-0.49071,0.20296,0.12106,1.48910,-0.34659,0.0466,0.596,1.4935,-0.9797,0.0114,-0.0133,0.33640,0.28490,0.00,-62.45,99.18,0.0000
402,LOST_LONG,0.07870,-0.92144,0.41108,-0.49071,0.20296,0.12106,1.48910,-0.34659,0.0466,0.596,1.4935,-0.9797,0.0114,-0.0133,0.33640,0.28491,0.00,-62.45,94.31,0.0000
412,LOST_LONG,0.07870,-0.92144,0.41108,-0.49071,0.20296,0.12106,1.48910,-0.34659,0.0466,0.596,1.4935,-0.9797,0.0114,-0.0133,0.33640,0.28490,0.00,-62.45,99.95,0.0000
422,LOST_LONG,0.07870,-0.92144,0.41108,-0.49071,0.20296,0.12106,1.48910,-0.34659,0.0466,0.596,1.4935,-0.9797,0.0114,-0.0133,0.33640,0.28491,0.00,-62.45,93.33,0.0000
432,LOST_LONG,0.07870,-0.92144,0.41108,-0.49071,0.20296,0.12106,1.48910,-0.34659,0.0466,0.596,1.4935,-0.9797,0.0114,-0.0133,0.33640,0.28492,0.00,-62.45,94.90,0.0000
442,LOST_LONG,0.07870,-0.92144,0.41108,-0.49071,0.20296,0.12106,1.48910,-0.34659,0.0466,0.596,1.4935,-0.9797,0.0114,-0.0133,0.33640,0.28492,0.00,-62.45,89.16,0.0000
452,LOST_LONG,0.07870,-0.92144,0.41108,-0.49071,0.20296,0.12106,1.48910,-0.34659,0.0466,0.596,1.4935,-0.9797,0.0114,-0.0133,0.33640,0.28490,0.00,-62.45,93.05,0.0000
462,LOST_LONG,0.07870,-0.92144,0.41108,-0.49071,0.20296,0.12106,1.48910,-0.34659,0.0466,0.596,1.4935,-0.9797,0.0114,-0.0133,0.33640,0.28491,0.00,-62.45,95.55,0.0000
472,LOST_LONG,0.07870,-0.92144,0.41108,-0.49071,0.20296,0.12106,1.48910,-0.34659,0.0466,0.596,1.4935,-0.9797,0.0114,-0.0133,0.33640,0.28492,0.00,-62.45,99.59,0.0000
482,LOST_LONG,0.07870,-0.92144,0.41108,-0.49071,0.20296,0.12106,1.48910,-0.34659,0.0466,0.596,1.4935,-0.9797,0.0114,-0.0133,0.33640,0.28492,0.00,-62.45,106.13,0.0000
492,LOST_LONG,0.07870,-0.92144,0.41108,-0.49071,0.20296,0.12106,1.48910,-0.34659,0.0466,0.596,1.4935,-0.9797,0.0114,-0.0133,0.33640,0.28492,0.00,-62.45,105.92,0.0000
502,LOST_LONG,0.07870,-0.92144,0.41108,-0.49071,0.20296,0.12106,1.48910,-0.34659,0.0466,0.596,1.4935,-0.9797,0.0114,-0.0133,0.33640,0.28492,0.00,-62.45,104.12,0.0000
512,LOST_LONG,0.07870,-0.92144,0.41108,-0.49071,0.20296,0.12106,1.48910,-0.34659,0.0466,0.596,1.4935,-0.9797,0.0114,-0.0133,0.33640,0.28492,0.00,-62.45,99.43,0.0000
522,LOST_LONG,0.07870,-0.92144,0.41108,-0.49071,0.20296,0.12106,1.48910,-0.34659,0.0466,0.596,1.4935,-0.9797,0.0114,-0.0133,0.33640,0.28491,0.00,-62.45,108.00,0.0000
532,LOST_LONG,0.07870,-0.92144,0.41108,-0.49071,0.20296,0.12106,1.48910,-0.34659,0.0466,0.596,1.4935,-0.9797,0.0114,-0.0133,0.33640,0.28490,0.00,-62.45,98.94,0.0000
542,LOST_LONG,0.07870,-0.92144,0.41108,-0.49071,0.20296,0.12106,1.48910,-0.34659,0.0466,0.596,1.4935,-0.9797,0.0114,-0.0133,0.33640,0.28491,0.00,-62.45,100.75,0.0000
552,LOST_LONG,0.07870,-0.92144,0.41108,-0.49071,0.20296,0.12106,1.48910,-0.34659,0.0466,0.596,1.4935,-0.9797,0.0114,-0.0133,0.33640,0.28490,0.00,-62.45,99.52,0.0000
562,LOST_LONG,0.07870,-0.92144,0.41108,-0.49071,0.20296,0.12106,1.48910,-0.34659,0.0466,0.596,1.4935,-0.9797,0.0114,-0.0133,0.33640,0.28490,0.00,-62.45,94.84,0.0000
572,LOST_LONG,0.07870,-0.92144,0.41108,-0.49071,0.20296,0.12106,1.48910,-0.34659,0.0466,0.596,1.4935,-0.9797,0.0114,-0.0133,0.33640,0.28492,0.00,-62.45,99.63,0.0000
582,LOST_LONG,0.07870,-0.92144,0.41108,-0.49071,0.20296,0.12106,1.48910,-0.34659,0.0466,0.596,1.4935,-0.9797,0.0114,-0.0133,0.33640,0.28492,0.00,-62.45,99.39,0.0000
592,LOST_LONG,0.07870,-0.92144,0.41108,-0.49071,0.20296,0.12106,1.48910,-0.34659,0.0466,0.596,1.4935,-0.9797,0.0114,-0.0133,0.33640,0.28491,0.00,-62.45,94.44,0.0000
602,LOST_LONG,0.07870,-0.92144,0.41108,-0.49071,0.20296,0.12106,1.48910,-0.34659,0.0466,0.596,1.4935,-0.9797,0.0114,-0.0133,0.33640,0.28491,0.00,-62.45,125.72,0.0000
612,LOST_LONG,0.07870,-0.92144,0.41108,-0.49071,0.20296,0.12106,1.48910,-0.34659,0.0466,0.596,1.4935,-0.9797,0.0114,-0.0133,0.33640,0.28490,0.00,-62.45,83.27,0.0000
622,LOST_LONG,0.07870,-0.92144,0.41108,-0.49071,0.20296,0.12106,1.48910,-0.34659,0.0466,0.596,1.4935,-0.9797,0.0114,-0.0133,0.33640,0.28490,0.00,-62.45,83.99,0.0000
632,TRACKING,-0.47955,-0.40843,-0.17499,0.10174,0.39409,0.31442,1.65693,-1.25005,0.0788,0.605,1.6451,-1.2043,-0.5056,-0.1886,0.34759,0.27932,-2.06,-2.98,104.31,0.6252
642,TRACKING,-0.58639,-0.21034,-0.28382,0.29743,0.43218,0.38291,1.75574,-1.57367,0.1282,0.507,1.7267,-1.5025,-0.5105,-0.5155,0.38641,0.30075,-3.53,-2.98,100.98,0.6399
652,TRACKING,-0.86295,-0.01607,-0.57168,0.46424,0.47000,0.44130,1.92483,-1.96996,0.0300,0.685,1.9170,-1.9526,-0.5105,-0.5641,0.42399,0.31058,0.00,-2.98,47.73,0.9054
662,TRACKING,-0.95624,0.04375,-0.62265,0.52989,0.47000,0.46427,1.95034,-2.07502,0.0508,0.849,1.9413,-2.0459,-0.3567,0.5712,0.45977,0.28950,-18.79,-18.00,33.87,0.9585
672,TRACKING,-0.93966,0.10368,-0.59713,0.57422,0.47000,0.47979,1.97462,-2.15747,0.0158,0.847,1.9694,-2.1495,-0.3947,0.5968,0.47789,0.31156,-16.87,-14.71,45.90,0.9372
682,TRACKING,-0.85001,0.18127,-0.49456,0.66772,0.47000,0.50000,2.01869,-2.28603,0.0136,1.099,2.0139,-2.2784,-0.3307,0.6217,0.48790,0.34694,-23.19,-20.90,70.65,0.8526
692,TRACKING,-0.74597,0.25125,-0.39191,0.72261,0.47000,0.50000,2.01869,-2.28603,0.0090,1.081,2.0139,-2.2784,0.1124,0.1669,0.49788,0.36687,-30.73,-29.92,96.76,0.7699
702,TRACKING,-0.59947,0.23686,-0.24102,0.68910,0.41720,0.50000,1.76341,-1.93066,0.0830,0.631,1.7935,-1.9704,0.1526,0.0849,0.47890,0.42587,-33.29,-32.51,124.00,0.6168
712,TRACKING,-0.57468,0.22624,-0.23439,0.69496,0.41488,0.50000,1.75376,-1.91832,0.0212,0.642,1.7615,-1.9284,0.2080,-0.1300,0.43683,0.46496,-37.73,-38.64,124.89,0.6128
722,TRACKING,-0.51656,0.19592,-0.17488,0.65424,0.39405,0.50000,1.67026,-1.81489,0.0222,0.455,1.6787,-1.8252,0.1716,-0.1448,0.40986,0.48127,-31.92,-33.05,125.55,0.5425
732,TRACKING,-0.46252,0.13287,-0.12987,0.58813,0.37829,0.48466,1.59479,-1.68018,0.0154,0.634,1.5974,-1.6893,0.0697,-0.3682,0.38305,0.48963,-23.67,-24.07,126.14,0.4796
742,TRACKING,-0.49558,0.14598,-0.16876,0.61549,0.39190,0.49423,1.65544,-1.77961,0.0274,0.620,1.6469,-1.7656,0.0697,-0.5586,0.38290,0.48288,-25.58,-24.60,121.07,0.5244
752,TRACKING,-0.50607,0.19450,-0.17852,0.67124,0.39532,0.50000,1.67524,-1.82088,0.0199,0.893,1.6684,-1.8111,0.0852,-0.3867,0.39228,0.48928,-27.48,-26.69,118.61,0.5521
762,TRACKING,-0.60292,0.30241,-0.28764,0.78554,0.43351,0.50000,1.83384,-2.02312,0.0612,0.639,1.8116,-1.9939,0.1163,-0.4871,0.41149,0.48743,-30.89,-29.85,98.84,0.6990
772,TRACKING,-0.79656,0.50721,-0.47404,1.01195,0.47000,0.50000,2.01869,-2.28603,0.0122,1.037,2.0118,-2.2800,0.2193,-0.2795,0.44924,0.46616,-34.67,-37.09,29.01,0.9754
782,TRACKING,-0.73370,0.61444,-0.37843,1.08711,0.46529,0.50000,1.99142,-2.24539,0.0402,0.745,2.0036,-2.2662,0.1086,-0.3516,0.48287,0.44938,-24.56,-26.59,49.62,0.9454
792,TRACKING,-0.64248,0.59092,-0.30013,1.04229,0.43788,0.50000,1.85362,-2.04985,0.0289,0.826,1.8638,-2.0639,0.0159,-0.6220,0.45719,0.49438,-15.26,-17.67,70.36,0.8572
802,LOST_SHORT,-0.72364,0.56675,-0.41174,1.03300,0.47000,0.50000,2.01869,-2.28603,0.0520,0.794,2.0008,-2.2605,-0.0493,-0.0784,0.44262,0.50734,0.00,-15.31,73.59,0.0000
812,TRACKING,-0.65379,0.47637,-0.32285,0.92893,0.44584,0.50000,1.89086,-2.10109,0.0205,1.106,1.8834,-2.0913,-0.0875,-0.2486,0.46024,0.50158,-13.45,-11.58,75.87,0.8038
822,TRACKING,-0.64749,0.45484,-0.30835,0.92435,0.44076,0.50000,1.86690,-2.06799,0.0214,0.769,1.8745,-2.0784,0.0403,0.4627,0.44727,0.49943,-23.76,-22.77,79.22,0.7893
832,TRACKING,-0.62101,0.46363,-0.28191,0.93355,0.43151,0.50000,1.82492,-2.01117,0.0193,0.636,1.8320,-2.0203,0.0376,-0.6061,0.44122,0.49582,-20.08,-21.07,82.29,0.7735
842,TRACKING,-0.61074,0.48958,-0.27704,0.96238,0.42980,0.50000,1.81738,-2.00113,0.0063,0.615,1.8215,-2.0058,0.2645,0.7137,0.43346,0.49305,-52.07,-47.33,79.28,0.7875
852,TRACKING,-0.57230,0.51352,-0.24002,0.97731,0.41685,0.50000,1.76195,-1.92878,0.0076,0.636,1.7572,-1.9228,0.4582,1.4823,0.42367,0.47481,-61.58,-60.51,82.81,0.7690
862,TRACKING,-0.56384,0.52609,-0.23086,0.98464,0.41364,0.50000,1.74865,-1.91181,0.0023,0.611,1.7501,-1.9136,0.4732,1.4936,0.41580,0.45804,-62.07,-61.60,84.14,0.7671
872,TRACKING,-0.56683,0.51560,-0.23406,0.98040,0.41476,0.50000,1.75328,-1.91771,0.0011,0.624,1.7534,-1.9166,0.4732,1.4936,0.41524,0.45785,-60.66,-60.96,83.18,0.7666
882,TRACKING,-0.57567,0.50454,-0.23849,0.96389,0.41631,0.50000,1.75972,-1.92593,0.0134,0.617,1.7647,-1.9322,-0.0985,0.5202,0.41691,0.46402,20.27,2.78,87.48,0.7590
892,TRACKING,-0.61716,0.44933,-0.29178,0.90595,0.43496,0.50000,1.84035,-2.03187,0.0269,0.633,1.8307,-2.0190,-0.5320,0.1124,0.42232,0.48317,33.29,31.83,83.53,0.7651
902,TRACKING,-0.64259,0.45126,-0.30722,0.91767,0.44037,0.50000,1.86507,-2.06548,0.0091,0.830,1.8687,-2.0705,-0.6358,-0.3527,0.43823,0.50249,44.23,41.08,81.56,0.7845
912,TRACKING,-0.70643,0.43645,-0.45623,0.87317,0.47000,0.50000,2.01869,-2.28603,0.2128,0.960,1.9451,-2.1817,-0.6480,-0.4204,0.43509,0.52021,0.00,41.81,32.59,0.8890
922,TRACKING,-0.84356,0.40926,-0.48837,0.92167,0.47000,0.50000,2.01869,-2.28603,0.0087,1.068,2.0121,-2.2803,-0.6609,-0.5447,0.44533,0.52815,39.27,40.92,54.70,0.9403
932,TRACKING,-0.89328,0.23054,-0.61285,0.57332,0.47000,0.47947,1.97406,-2.15568,0.1115,0.958,1.9942,-2.2195,-0.6256,-0.3983,0.43403,0.54439,0.00,36.62,34.38,0.9527
942,TRACKING,-0.66599,0.44235,-0.32687,0.91863,0.44724,0.50000,1.89764,-2.11055,0.0053,1.164,1.9022,-2.1132,-0.6624,0.2626,0.42433,0.54640,39.57,40.51,77.01,0.8012
952,TRACKING,-0.82628,0.27700,-0.48824,0.77166,0.47000,0.50000,2.01869,-2.28603,0.0746,1.062,1.9966,-2.2471,-0.4719,-0.1445,0.41524,0.54558,-29.58,9.42,76.84,0.8772
962,TRACKING,-0.62265,0.51018,-0.27486,0.98706,0.42904,0.50000,1.81403,-1.99668,0.0421,0.613,1.8290,-2.0170,0.3185,0.7754,0.43341,0.53409,-50.79,-49.84,78.34,0.8016
972,TRACKING,-0.60936,0.52188,-0.27333,0.98915,0.42850,0.50000,1.81168,-1.99357,0.0097,0.614,1.8184,-2.0006,0.3861,0.9921,0.42200,0.52257,-54.21,-53.67,78.24,0.8018
982,TRACKING,-0.59930,0.52088,-0.26492,0.98749,0.42556,0.50000,1.79891,-1.97673,0.0074,0.635,1.8039,-1.9822,0.3861,1.1053,0.42840,0.50041,-51.98,-52.77,79.26,0.7944
992,TRACKING,-0.60502,0.52715,-0.27453,0.99693,0.42892,0.50000,1.81353,-1.99601,0.0126,0.630,1.8083,-1.9906,0.3861,1.0519,0.42925,0.48125,-54.03,-53.21,76.10,0.8079
1002,TRACKING,-0.60065,0.52016,-0.26808,0.98295,0.42667,0.50000,1.80369,-1.98301,0.0030,0.627,1.8048,-1.9802,0.3683,1.1630,0.43044,0.46546,-49.56,-50.59,79.32,0.7938
1012,LOST_SHORT,-0.82931,0.42493,-0.53362,0.86824,0.47000,0.50000,2.01869,-2.28603,0.0440,0.770,2.0035,-2.2644,0.0030,0.6476,0.44540,0.47113,0.00,-3.23,95.51,0.0000
1022,TRACKING,-0.70930,-0.20332,-0.30837,0.00720,0.44077,0.28581,1.84220,-1.39804,0.4444,0.517,1.8871,-1.6609,-0.1474,1.1931,0.46894,0.46548,0.00,3.53,75.84,0.7887
1032,LOST_SHORT,-0.56895,-0.46191,-0.23189,0.00608,0.41400,0.28581,1.75250,-1.28058,0.0078,0.497,1.7573,-1.2867,-0.1474,1.1931,0.43213,0.49660,0.00,3.53,82.06,0.0000
1042,LOST_SHORT,-0.56895,-0.46191,-0.23189,0.00608,0.41400,0.28581,1.75250,-1.28058,0.0078,0.497,1.7573,-1.2867,-0.1474,1.1931,0.42268,0.47675,0.00,3.53,99.96,0.0000
1052,LOST_LONG,-0.56895,-0.46191,-0.23189,0.00608,0.41400,0.28581,1.75250,-1.28058,0.0078,0.497,1.7573,-1.2867,-0.1474,1.1931,0.43119,0.42770,0.00,3.53,98.74,0.0000
1062,LOST_LONG,-0.56895,-0.46191,-0.23189,0.00608,0.41400,0.28581,1.75250,-1.28058,0.0078,0.497,1.6965,-1.2155,-0.1120,0.9068,0.43267,0.37986,0.00,3.53,99.46,0.0000
1072,LOST_LONG,-0.56895,-0.46191,-0.23189,0.00608,0.41400,0.28581,1.75250,-1.28058,0.0078,0.497,1.5164,-1.0045,-0.0125,0.0583,0.40392,0.36190,0.00,3.53,98.20,0.0000
1082,LOST_LONG,-0.56895,-0.46191,-0.23189,0.00608,0.41400,0.28581,1.75250,-1.28058,0.0078,0.497,1.5164,-1.0010,-0.0125,0.0112,0.36646,0.36314,0.00,3.53,98.54,0.0000
1092,LOST_LONG,-0.56895,-0.46191,-0.23189,0.00608,0.41400,0.28581,1.75250,-1.28058,0.0078,0.497,1.5164,-1.0010,-0.0125,0.0112,0.35408,0.31842,0.00,3.53,96.72,0.0000
1102,LOST_LONG,-0.56895,-0.46191,-0.23189,0.00608,0.41400,0.28581,1.75250,-1.28058,0.0078,0.497,1.5164,-1.0010,-0.0125,0.0112,0.34377,0.28635,0.00,3.53,93.88,0.0000
1112,LOST_LONG,-0.56895,-0.46191,-0.23189,0.00608,0.41400,0.28581,1.75250,-1.28058,0.0078,0.497,1.5164,-1.0010,-0.0125,0.0112,0.34363,0.28597,0.00,3.53,95.01,0.0000
1122,LOST_LONG,-0.56895,-0.46191,-0.23189,0.00608,0.41400,0.28581,1.75250,-1.28058,0.0078,0.497,1.5164,-1.0010,-0.0125,0.0112,0.34362,0.28595,0.00,3.53,97.88,0.0000
1132,LOST_LONG,-0.56895,-0.46191,-0.23189,0.00608,0.41400,0.28581,1.75250,-1.28058,0.0078,0.497,1.5164,-1.0010,-0.0125,0.0112,0.34362,0.28595,0.00,3.53,100.31,0.0000
1142,LOST_LONG,-0.56895,-0.46191,-0.23189,0.00608,0.41400,0.28581,1.75250,-1.28058,0.0078,0.497,1.5164,-1.0010,-0.0125,0.0112,0.34362,0.28595,0.00,3.53,102.87,0.0000
1152,LOST_LONG,-0.56895,-0.46191,-0.23189,0.00608,0.41400,0.28581,1.75250,-1.28058,0.0078,0.497,1.5164,-1.0010,-0.0125,0.0112,0.34362,0.28594,0.00,3.53,97.45,0.0000
1162,LOST_LONG,-0.56895,-0.46191,-0.23189,0.00608,0.41400,0.28581,1.75250,-1.28058,0.0078,0.497,1.5164,-1.0010,-0.0125,0.0112,0.34362,0.28593,0.00,3.53,102.10,0.0000
1172,LOST_LONG,-0.56895,-0.46191,-0.23189,0.00608,0.41400,0.28581,1.75250,-1.28058,0.0078,0.497,1.5164,-1.0010,-0.0125,0.0112,0.34362,0.28594,0.00,3.53,102.66,0.0000
1182,LOST_LONG,-0.56895,-0.46191,-0.23189,0.00608,0.41400,0.28581,1.75250,-1.28058,0.0078,0.497,1.5164,-1.0010,-0.0125,0.0112,0.34362,0.28595,0.00,3.53,105.52,0.0000
1192,LOST_LONG,-0.56895,-0.46191,-0.23189,0.00608,0.41400,0.28581,1.75250,-1.28058,0.0078,0.497,1.5164,-1.0010,-0.0125,0.0112,0.34362,0.28594,0.00,3.53,105.07,0.0000
1202,LOST_LONG,-0.56895,-0.46191,-0.23189,0.00608,0.41400,0.28581,1.75250,-1.28058,0.0078,0.497,1.5164,-1.0010,-0.0125,0.0112,0.34362,0.28595,0.00,3.53,103.90,0.0000
1212,LOST_LONG,-0.56895,-0.46191,-0.23189,0.00608,0.41400,0.28581,1.75250,-1.28058,0.0078,0.497,1.5164,-1.0010,-0.0125,0.0112,0.34363,0.28597,0.00,3.53,101.95,0.0000
1222,LOST_LONG,-0.56895,-0.46191,-0.23189,0.00608,0.41400,0.28581,1.75250,-1.28058,0.0078,0.497,1.5164,-1.0010,-0.0125,0.0112,0.34362,0.28593,0.00,3.53,101.29,0.0000
1232,LOST_LONG,-0.56895,-0.46191,-0.23189,0.00608,0.41400,0.28581,1.75250,-1.28058,0.0078,0.497,1.5164,-1.0010,-0.0125,0.0112,0.34363,0.28596,0.00,3.53,103.38,0.0000
1242,LOST_LONG,-0.56895,-0.46191,-0.23189,0.00608,0.41400,0.28581,1.75250,-1.28058,0.0078,0.497,1.5164,-1.0010,-0.0125,0.0112,0.34362,0.28594,0.00,3.53,104.53,0.0000
1252,LOST_LONG,-0.56895,-0.46191,-0.23189,0.00608,0.41400,0.28581,1.75250,-1.28058,0.0078,0.497,1.5164,-1.0010,-0.0125,0.0112,0.34362,0.28594,0.00,3.53,102.27,0.0000
1262,LOST_LONG,-0.56895,-0.46191,-0.23189,0.00608,0.41400,0.28581,1.75250,-1.28058,0.0078,0.497,1.5164,-1.0010,-0.0125,0.0112,0.34362,0.28595,0.00,3.53,100.72,0.0000
1272,LOST_LONG,-0.56895,-0.46191,-0.23189,0.00608,0.41400,0.28581,1.75250,-1.28058,0.0078,0.497,1.5164,-1.0010,-0.0125,0.0112,0.34362,0.28595,0.00,3.53,104.28,0.0000
1282,LOST_LONG,-0.56895,-0.46191,-0.23189,0.00608,0.41400,0.28581,1.75250,-1.28058,0.0078,0.497,1.5164,-1.0010,-0.0125,0.0112,0.34362,0.28594,0.00,3.53,146.19,0.0000
1292,LOST_LONG,-0.56895,-0.46191,-0.23189,0.00608,0.41400,0.28581,1.75250,-1.28058,0.0078,0.497,1.5164,-1.0010,-0.0125,0.0112,0.34363,0.28597,0.00,3.53,92.24,0.0000
1302,LOST_LONG,-0.56895,-0.46191,-0.23189,0.00608,0.41400,0.28581,1.75250,-1.28058,0.0078,0.497,1.5164,-1.0010,-0.0125,0.0112,0.34362,0.28595,0.00,3.53,97.03,0.0000
1312,LOST_LONG,-0.56895,-0.46191,-0.23189,0.00608,0.41400,0.28581,1.75250,-1.28058,0.0078,0.497,1.5164,-1.0010,-0.0125,0.0112,0.34363,0.28596,0.00,3.53,96.33,0.0000
1322,LOST_LONG,-0.56895,-0.46191,-0.23189,0.00608,0.41400,0.28581,1.75250,-1.28058,0.0078,0.497,1.5164,-1.0010,-0.0125,0.0112,0.34362,0.28594,0.00,3.53,90.64,0.0000
1332,LOST_LONG,-0.56895,-0.46191,-0.23189,0.00608,0.41400,0.28581,1.75250,-1.28058,0.0078,0.497,1.5164,-1.0010,-0.0125,0.0112,0.34362,0.28594,0.00,3.53,104.79,0.0000
1342,LOST_LONG,-0.56895,-0.46191,-0.23189,0.00608,0.41400,0.28581,1.75250,-1.28058,0.0078,0.497,1.5164,-1.0010,-0.0125,0.0112,0.34363,0.28596,0.00,3.53,145.86,0.0000
1352,LOST_LONG,-0.56895,-0.46191,-0.23189,0.00608,0.41400,0.28581,1.75250,-1.28058,0.0078,0.497,1.5164,-1.0010,-0.0125,0.0112,0.34363,0.28599,0.00,3.53,145.13,0.0000
1362,LOST_LONG,-0.56895,-0.46191,-0.23189,0.00608,0.41400,0.28581,1.75250,-1.28058,0.0078,0.497,1.5164,-1.0010,-0.0125,0.0112,0.34363,0.28598,0.00,3.53,145.18,0.0000
1372,LOST_LONG,-0.56895,-0.46191,-0.23189,0.00608,0.41400,0.28581,1.75250,-1.28058,0.0078,0.497,1.5164,-1.0010,-0.0125,0.0112,0.34363,0.28597,0.00,3.53,144.27,0.0000
1382,LOST_LONG,-0.56895,-0.46191,-0.23189,0.00608,0.41400,0.28581,1.75250,-1.28058,0.0078,0.497,1.5164,-1.0010,-0.0125,0.0112,0.34362,0.28594,0.00,3.53,144.54,0.0000
1392,LOST_LONG,-0.56895,-0.46191,-0.23189,0.00608,0.41400,0.28581,1.75250,-1.28058,0.0078,0.497,1.5164,-1.0010,-0.0125,0.0112,0.34362,0.28595,0.00,3.53,144.56,0.0000
1402,LOST_LONG,-0.56895,-0.46191,-0.23189,0.00608,0.41400,0.28581,1.75250,-1.28058,0.0078,0.497,1.5164,-1.0010,-0.0125,0.0112,0.34362,0.28592,0.00,3.53,144.61,0.0000
1412,LOST_LONG,-0.56895,-0.46191,-0.23189,0.00608,0.41400,0.28581,1.75250,-1.28058,0.0078,0.497,1.5164,-1.0010,-0.0125,0.0112,0.34362,0.28593,0.00,3.53,145.31,0.0000
1422,LOST_LONG,-0.56895,-0.46191,-0.23189,0.00608,0.41400,0.28581,1.75250,-1.28058,0.0078,0.497,1.5164,-1.0010,-0.0125,0.0112,0.34362,0.28594,0.00,3.53,95.83,0.0000
1432,LOST_LONG,-0.56895,-0.46191,-0.23189,0.00608,0.41400,0.28581,1.75250,-1.28058,0.0078,0.497,1.5164,-1.0010,-0.0125,0.0112,0.34362,0.28595,0.00,3.53,95.93,0.0000
1442,LOST_LONG,-0.56895,-0.46191,-0.23189,0.00608,0.41400,0.28581,1.75250,-1.28058,0.0078,0.497,1.5164,-1.0010,-0.0125,0.0112,0.34362,0.28596,0.00,3.53,101.89,0.0000
1452,LOST_LONG,-0.56895,-0.46191,-0.23189,0.00608,0.41400,0.28581,1.75250,-1.28058,0.0078,0.497,1.5164,-1.0010,-0.0125,0.0112,0.34362,0.28596,0.00,3.53,102.76,0.0000
1462,LOST_LONG,-0.56895,-0.46191,-0.23189,0.00608,0.41400,0.28581,1.75250,-1.28058,0.0078,0.497,1.5164,-1.0010,-0.0125,0.0112,0.34362,0.28595,0.00,3.53,142.69,0.0000
1472,LOST_LONG,-0.56895,-0.46191,-0.23189,0.00608,0.41400,0.28581,1.75250,-1.28058,0.0078,0.497,1.5164,-1.0010,-0.0125,0.0112,0.34363,0.28596,0.00,3.53,145.33,0.0000
1482,LOST_LONG,-0.56895,-0.46191,-0.23189,0.00608,0.41400,0.28581,1.75250,-1.28058,0.0078,0.497,1.5164,-1.0010,-0.0125,0.0112,0.34362,0.28594,0.00,3.53,145.87,0.0000
1492,LOST_LONG,-0.56895,-0.46191,-0.23189,0.00608,0.41400,0.28581,1.75250,-1.28058,0.0078,0.497,1.5164,-1.0010,-0.0125,0.0112,0.34362,0.28591,0.00,3.53,145.27,0.0000
1502,LOST_LONG,-0.56895,-0.46191,-0.23189,0.00608,0.41400,0.28581,1.75250,-1.28058,0.0078,0.497,1.5164,-1.0010,-0.0125,0.0112,0.34362,0.28594,0.00,3.53,146.12,0.0000
1512,LOST_LONG,-0.56895,-0.46191,-0.23189,0.00608,0.41400,0.28581,1.75250,-1.28058,0.0078,0.497,1.5164,-1.0010,-0.0125,0.0112,0.34362,0.28595,0.00,3.53,101.63,0.0000
1522,LOST_LONG,-0.56895,-0.46191,-0.23189,0.00608,0.41400,0.28581,1.75250,-1.28058,0.0078,0.497,1.5164,-1.0010,-0.0125,0.0112,0.34363,0.28597,0.00,3.53,100.31,0.0000
1532,LOST_LONG,-0.56895,-0.46191,-0.23189,0.00608,0.41400,0.28581,1.75250,-1.28058,0.0078,0.497,1.5164,-1.0010,-0.0125,0.0112,0.34362,0.28595,0.00,3.53,101.24,0.0000
1542,LOST_LONG,-0.56895,-0.46191,-0.23189,0.00608,0.41400,0.28581,1.75250,-1.28058,0.0078,0.497,1.5164,-1.0010,-0.0125,0.0112,0.34362,0.28595,0.00,3.53,103.36,0.0000
1552,LOST_LONG,-0.56895,-0.46191,-0.23189,0.00608,0.41400,0.28581,1.75250,-1.28058,0.0078,0.497,1.5164,-1.0010,-0.0125,0.0112,0.34362,0.28595,0.00,3.53,101.56,0.0000
1562,LOST_LONG,-0.56895,-0.46191,-0.23189,0.00608,0.41400,0.28581,1.75250,-1.28058,0.0078,0.497,1.5164,-1.0010,-0.0125,0.0112,0.34362,0.28595,0.00,3.53,99.57,0.0000
1572,LOST_LONG,-0.56895,-0.46191,-0.23189,0.00608,0.41400,0.28581,1.75250,-1.28058,0.0078,0.497,1.5164,-1.0010,-0.0125,0.0112,0.34362,0.28594,0.00,3.53,98.86,0.0000
1582,LOST_LONG,-0.56895,-0.46191,-0.23189,0.00608,0.41400,0.28581,1.75250,-1.28058,0.0078,0.497,1.5164,-1.0010,-0.0125,0.0112,0.34362,0.28595,0.00,3.53,145.16,0.0000
1592,LOST_LONG,-0.56895,-0.46191,-0.23189,0.00608,0.41400,0.28581,1.75250,-1.28058,0.0078,0.497,1.5164,-1.0010,-0.0125,0.0112,0.34362,0.28594,0.00,3.53,145.86,0.0000
1602,LOST_LONG,-0.56895,-0.46191,-0.23189,0.00608,0.41400,0.28581,1.75250,-1.28058,0.0078,0.497,1.5164,-1.0010,-0.0125,0.0112,0.34363,0.28596,0.00,3.53,145.98,0.0000
1612,LOST_LONG,-0.56895,-0.46191,-0.23189,0.00608,0.41400,0.28581,1.75250,-1.28058,0.0078,0.497,1.5164,-1.0010,-0.0125,0.0112,0.34362,0.28594,0.00,3.53,145.33,0.0000
1622,LOST_LONG,-0.56895,-0.46191,-0.23189,0.00608,0.41400,0.28581,1.75250,-1.28058,0.0078,0.497,1.5164,-1.0010,-0.0125,0.0112,0.34363,0.28596,0.00,3.53,146.68,0.0000
1632,LOST_LONG,-0.56895,-0.46191,-0.23189,0.00608,0.41400,0.28581,1.75250,-1.28058,0.0078,0.497,1.5164,-1.0010,-0.0125,0.0112,0.34362,0.28594,0.00,3.53,145.81,0.0000
1642,LOST_LONG,-0.56895,-0.46191,-0.23189,0.00608,0.41400,0.28581,1.75250,-1.28058,0.0078,0.497,1.5164,-1.0010,-0.0125,0.0112,0.34363,0.28596,0.00,3.53,144.85,0.0000
1652,LOST_LONG,-0.56895,-0.46191,-0.23189,0.00608,0.41400,0.28581,1.75250,-1.28058,0.0078,0.497,1.5164,-1.0010,-0.0125,0.0112,0.34362,0.28594,0.00,3.53,143.85,0.0000
1662,LOST_LONG,-0.56895,-0.46191,-0.23189,0.00608,0.41400,0.28581,1.75250,-1.28058,0.0078,0.497,1.5164,-1.0010,-0.0125,0.0112,0.34362,0.28594,0.00,3.53,143.53,0.0000
1672,LOST_LONG,-0.56895,-0.46191,-0.23189,0.00608,0.41400,0.28581,1.75250,-1.28058,0.0078,0.497,1.5164,-1.0010,-0.0125,0.0112,0.34362,0.28595,0.00,3.53,144.14,0.0000
1682,LOST_LONG,-0.56895,-0.46191,-0.23189,0.00608,0.41400,0.28581,1.75250,-1.28058,0.0078,0.497,1.5164,-1.0010,-0.0125,0.0112,0.34362,0.28595,0.00,3.53,144.50,0.0000
1692,LOST_LONG,-0.56895,-0.46191,-0.23189,0.00608,0.41400,0.28581,1.75250,-1.28058,0.0078,0.497,1.5164,-1.0010,-0.0125,0.0112,0.34363,0.28597,0.00,3.53,145.11,0.0000
1702,LOST_LONG,-0.56895,-0.46191,-0.23189,0.00608,0.41400,0.28581,1.75250,-1.28058,0.0078,0.497,1.5164,-1.0010,-0.0125,0.0112,0.34362,0.28595,0.00,3.53,145.42,0.0000
1712,LOST_LONG,-0.56895,-0.46191,-0.23189,0.00608,0.41400,0.28581,1.75250,-1.28058,0.0078,0.497,1.5164,-1.0010,-0.0125,0.0112,0.34363,0.28597,0.00,3.53,143.53,0.0000
1722,LOST_LONG,-0.56895,-0.46191,-0.23189,0.00608,0.41400,0.28581,1.75250,-1.28058,0.0078,0.497,1.5164,-1.0010,-0.0125,0.0112,0.34362,0.28595,0.00,3.53,144.56,0.0000
1732,LOST_LONG,-0.56895,-0.46191,-0.23189,0.00608,0.41400,0.28581,1.75250,-1.28058,0.0078,0.497,1.5164,-1.0010,-0.0125,0.0112,0.34362,0.28596,0.00,3.53,143.93,0.0000
1742,LOST_LONG,-0.56895,-0.46191,-0.23189,0.00608,0.41400,0.28581,1.75250,-1.28058,0.0078,0.497,1.5164,-1.0010,-0.0125,0.0112,0.34363,0.28597,0.00,3.53,144.98,0.0000
1752,LOST_LONG,-0.56895,-0.46191,-0.23189,0.00608,0.41400,0.28581,1.75250,-1.28058,0.0078,0.497,1.5164,-1.0010,-0.0125,0.0112,0.34362,0.28591,0.00,3.53,147.09,0.0000
1762,LOST_LONG,-0.56895,-0.46191,-0.23189,0.00608,0.41400,0.28581,1.75250,-1.28058,0.0078,0.497,1.5164,-1.0010,-0.0125,0.0112,0.34362,0.28595,0.00,3.53,87.37,0.0000
1772,LOST_SHORT,-0.59065,-0.39515,-0.27257,0.05296,0.42824,0.29735,1.78839,-1.36201,0.0429,0.511,1.7696,-1.3444,-0.0125,0.0112,0.36948,0.28684,0.00,0.00,80.95,0.0000
1782,TRACKING,-0.71420,-0.27053,-0.43319,0.30184,0.47000,0.38446,1.89911,-1.76716,0.2047,0.599,1.8809,-1.6457,0.0591,-0.3320,0.40874,0.27544,-33.30,-33.30,76.40,0.7841
1792,TRACKING,-0.75480,0.06340,-0.38952,0.55549,0.46917,0.47323,1.95942,-2.11533,0.0492,0.840,1.9535,-2.0864,0.0737,-1.1296,0.44077,0.25064,-21.35,-23.81,101.55,0.7288
1802,TRACKING,-0.62123,0.15547,-0.28893,0.64443,0.43396,0.50000,1.83586,-2.02584,0.0538,0.750,1.8221,-1.9967,-0.0981,-1.4938,0.45978,0.30315,-11.65,-9.53,101.83,0.6479
1812,TRACKING,-0.61889,0.23380,-0.26994,0.71130,0.42732,0.50000,1.80651,-1.98674,0.0619,0.670,1.8277,-2.0172,-0.0932,-1.4938,0.44879,0.39682,-6.23,-9.67,110.72,0.6518
1822,TRACKING,-0.65978,0.30204,-0.34952,0.77800,0.45517,0.50000,1.93711,-2.16638,0.0871,0.867,1.9065,-2.1240,-0.0316,-1.4938,0.42926,0.46295,-18.40,-17.15,90.18,0.7514
1832,TRACKING,-0.62573,0.32123,-0.28176,0.79078,0.43145,0.50000,1.82467,-2.01085,0.0369,0.876,1.8378,-2.0287,-0.0624,-1.4938,0.45938,0.45086,-9.96,-11.34,99.45,0.6962
1842,TRACKING,-0.69772,0.32153,-0.34506,0.76487,0.45361,0.50000,1.92916,-2.15502,0.0295,0.901,1.9386,-2.1700,0.1000,-1.4938,0.44540,0.49053,-26.59,-28.65,109.58,0.7419
1852,LOST_SHORT,-0.73289,0.32113,-0.43790,0.78937,0.47000,0.50000,2.01869,-2.28603,0.0846,0.761,1.9899,-2.2443,0.1000,-1.4938,0.47336,0.47370,0.00,-28.65,106.97,0.0000
1862,LOST_LONG,-0.73289,0.32113,-0.43790,0.78937,0.47000,0.50000,2.01869,-2.28603,0.0846,0.761,1.9899,-2.2443,0.1000,-1.4938,0.46758,0.49141,0.00,-28.65,109.53,0.0000
1872,LOST_LONG,-0.73289,0.32113,-0.43790,0.78937,0.47000,0.50000,2.01869,-2.28603,0.0846,0.761,1.9899,-2.2443,0.1000,-1.4938,0.46754,0.49149,0.00,-28.65,107.05,0.0000
1882,LOST_LONG,-0.73289,0.32113,-0.43790,0.78937,0.47000,0.50000,2.01869,-2.28603,0.0846,0.761,1.5581,-1.1296,0.0111,-0.1663,0.45051,0.50457,0.00,-28.65,61.40,0.0000
1892,TRACKING,-0.70283,0.69987,-0.37002,1.17208,0.46235,0.50000,1.97509,-2.22137,0.0621,0.723,1.9613,-2.1868,0.8058,-1.1376,0.42667,0.50826,-95.69,-96.87,14.47,0.9974
1902,LOST_SHORT,-0.70323,0.70144,-0.37031,1.16957,0.46245,0.50000,1.97563,-2.22216,0.0382,0.733,1.9670,-2.2009,0.8326,-1.1543,0.46658,0.46984,0.00,-96.87,33.48,0.0000
1912,LOST_LONG,-0.70323,0.70144,-0.37031,1.16957,0.46245,0.50000,1.97563,-2.22216,0.0382,0.733,1.9670,-2.2009,0.8326,-1.1543,0.46589,0.45644,0.00,-96.87,37.15,0.0000
1922,LOST_LONG,-0.70323,0.70144,-0.37031,1.16957,0.46245,0.50000,1.97563,-2.22216,0.0382,0.733,1.9670,-2.2009,0.8326,-1.1543,0.46151,0.43818,0.00,-96.87,62.38,0.0000
1932,LOST_LONG,-0.70323,0.70144,-0.37031,1.16957,0.46245,0.50000,1.97563,-2.22216,0.0382,0.733,1.5338,-1.0678,0.0535,-0.0742,0.43774,0.45788,0.00,-96.87,103.74,0.0000
1942,LOST_LONG,-0.70323,0.70144,-0.37031,1.16957,0.46245,0.50000,1.97563,-2.22216,0.0382,0.733,1.5171,-1.0014,0.0103,-0.0109,0.40384,0.49004,0.00,-96.87,98.34,0.0000
1952,LOST_LONG,-0.70323,0.70144,-0.37031,1.16957,0.46245,0.50000,1.97563,-2.22216,0.0382,0.733,1.5171,-1.0014,0.0103,-0.0109,0.36398,0.51753,0.00,-96.87,101.13,0.0000
1962,LOST_LONG,-0.70323,0.70144,-0.37031,1.16957,0.46245,0.50000,1.97563,-2.22216,0.0382,0.733,1.5171,-1.0014,0.0103,-0.0109,0.35026,0.50914,0.00,-96.87,96.98,0.0000
1972,LOST_LONG,-0.70323,0.70144,-0.37031,1.16957,0.46245,0.50000,1.97563,-2.22216,0.0382,0.733,1.5171,-1.0014,0.0103,-0.0109,0.36145,0.46130,0.00,-96.87,56.03,0.0000
1982,LOST_SHORT,-0.82633,0.24629,-0.43096,0.69553,0.47000,0.50000,2.01869,-2.28603,0.4965,0.852,1.9103,-2.0086,-0.5757,1.0186,0.38286,0.43956,0.00,48.03,85.15,0.0000
1992,TRACKING,-0.87008,0.26717,-0.55176,0.72923,0.47000,0.50000,2.01869,-2.28603,0.0386,0.763,2.0103,-2.2645,-0.5244,0.5584,0.41993,0.44990,22.74,25.82,48.06,0.9240
2002,TRACKING,-0.82713,0.23686,-0.46508,0.68895,0.47000,0.50000,2.01869,-2.28603,0.0093,1.100,2.0136,-2.2783,-0.5502,-0.4097,0.44969,0.45233,36.52,33.01,80.32,0.8295
2012,TRACKING,-0.84391,0.19931,-0.52597,0.65871,0.47000,0.50000,2.01869,-2.28603,0.0093,1.090,2.0136,-2.2783,-0.4674,-1.0611,0.47995,0.44011,20.87,21.93,59.33,0.8812
2022,TRACKING,-0.88626,0.18243,-0.55450,0.64830,0.47000,0.50000,2.01869,-2.28603,0.0093,1.053,2.0136,-2.2783,-0.4425,-0.3036,0.47611,0.47158,22.99,22.02,52.66,0.9069
2032,TRACKING,-0.86793,0.22646,-0.53492,0.69602,0.47000,0.50000,2.01869,-2.28603,0.0093,1.074,2.0136,-2.2783,-0.6988,-0.1685,0.44994,0.52321,47.99,46.31,57.22,0.8987
2042,TRACKING,-0.89241,0.21849,-0.56264,0.67321,0.47000,0.50000,2.01869,-2.28603,0.0093,1.068,2.0136,-2.2783,-0.7039,-0.0797,0.42699,0.54856,0.00,42.94,51.75,0.9201
2052,TRACKING,-0.85903,0.28400,-0.53278,0.75535,0.47000,0.50000,2.01869,-2.28603,0.0093,1.234,2.0136,-2.2783,-0.6856,-1.3803,0.42993,0.54693,-52.44,42.94,50.66,0.9137
2062,TRACKING,-0.86297,0.29454,-0.53377,0.76248,0.47000,0.50000,2.01869,-2.28603,0.0093,1.076,2.0136,-2.2783,-0.6856,-1.0940,0.43012,0.54683,-56.58,42.94,48.51,0.9170
2072,TRACKING,-0.87201,0.29406,-0.53616,0.75993,0.47000,0.50000,2.01869,-2.28603,0.0093,1.011,2.0136,-2.2783,-0.6856,-1.4938,0.43013,0.54681,-57.51,42.94,50.99,0.9184
2082,TRACKING,-0.87199,0.29090,-0.54051,0.75575,0.47000,0.50000,2.01869,-2.28603,0.0093,1.056,2.0136,-2.2783,-0.6856,-1.4392,0.43013,0.54681,-62.52,42.94,48.92,0.9212
2092,TRACKING,-0.86996,0.33802,-0.54303,0.82201,0.47000,0.50000,2.01869,-2.28603,0.0093,1.060,2.0136,-2.2783,-0.6856,-0.7707,0.43009,0.54691,-92.31,42.94,37.63,0.9465
2102,TRACKING,-0.89172,0.41226,-0.56642,0.87225,0.47000,0.50000,2.01869,-2.28603,0.0093,1.099,2.0136,-2.2783,-0.6856,-0.4190,0.43014,0.54680,-85.89,42.94,17.04,0.9878
2112,TRACKING,-0.75169,0.13837,-0.46108,0.51261,0.47000,0.45823,1.94255,-2.04563,0.1252,0.835,1.9519,-2.1201,-0.6239,1.2105,0.43551,0.54331,0.00,40.69,68.10,0.7962
2122,TRACKING,-0.86320,0.12500,-0.53842,0.58823,0.47000,0.48469,1.98381,-2.18608,0.0087,0.881,1.9866,-2.1911,-0.9655,1.4865,0.43308,0.53295,75.56,73.53,57.05,0.8807
2132,TRACKING,-0.85997,0.12447,-0.52993,0.58590,0.47000,0.48388,1.98223,-2.18124,0.0144,0.852,1.9866,-2.1895,-0.9925,1.4951,0.41788,0.54298,80.34,78.49,58.96,0.8720
2142,TRACKING,-0.87327,0.12216,-0.54081,0.58986,0.47000,0.48526,1.98494,-2.18951,0.0076,0.984,1.9866,-2.1821,-0.9925,1.4951,0.41114,0.54306,72.81,74.00,56.11,0.8833
2152,TRACKING,-0.83505,0.24569,-0.48134,0.71958,0.47000,0.50000,2.01869,-2.28603,0.0092,1.042,2.0109,-2.2810,-0.9925,0.0074,0.40876,0.54852,-47.40,74.00,72.63,0.8538
2162,TRACKING,-0.82459,0.32905,-0.50395,0.82690,0.47000,0.50000,2.01869,-2.28603,0.0092,1.101,2.0109,-2.2810,-0.9925,-1.2122,0.40262,0.55886,-79.84,74.00,55.07,0.9124
2172,LOST_SHORT,-0.86756,0.43001,-0.53790,0.90799,0.47000,0.50000,2.01869,-2.28603,0.0092,1.067,2.0109,-2.2810,-0.9925,-0.9718,0.40257,0.55892,0.00,74.00,28.70,0.0000
2182,TRACKING,-0.87524,0.46801,-0.53852,0.94676,0.47000,0.50000,2.01869,-2.28603,0.0092,1.082,2.0109,-2.2810,-0.9925,1.2476,0.40258,0.55889,-99.65,74.00,11.03,0.9963
2192,TRACKING,-0.83374,0.52012,-0.48307,0.99172,0.47000,0.50000,2.01869,-2.28603,0.0092,1.076,2.0109,-2.2810,-0.9925,1.4929,0.40257,0.55892,-102.71,74.00,40.10,0.9717
2202,LOST_SHORT,-0.82470,0.55593,-0.49678,1.00979,0.47000,0.50000,2.01869,-2.28603,0.0092,1.697,2.0109,-2.2810,-0.9925,1.4929,0.40256,0.55895,0.00,74.00,2.93,0.0000
2212,LOST_SHORT,-0.83485,0.53095,-0.51014,0.97742,0.47000,0.50000,2.01869,-2.28603,0.0092,1.115,2.0109,-2.2810,-0.9925,1.4929,0.40256,0.55894,0.00,74.00,116.02,0.0000
2222,TRACKING,-0.68143,0.21161,-0.31578,0.66305,0.44336,0.50000,1.87909,-2.08477,0.1320,0.631,1.9245,-2.1496,-0.9925,0.4220,0.39964,0.55845,-10.38,74.00,105.99,0.6789
2232,TRACKING,-0.63000,0.17532,-0.29117,0.63032,0.43475,0.49942,1.83846,-2.02755,0.0213,0.827,1.8456,-2.0381,-0.9925,-0.6915,0.37674,0.56828,-7.72,74.00,105.29,0.6463
2242,LOST_SHORT,-0.60807,0.06430,-0.27052,0.49454,0.42752,0.45190,1.75583,-1.77604,0.0820,0.564,1.7694,-1.8234,-0.9925,-1.2508,0.36929,0.55971,0.00,74.00,108.64,0.0000
2252,TRACKING,-0.45959,-0.32219,-0.03955,0.05900,0.34668,0.29946,1.51084,-1.03958,0.2914,0.603,1.5911,-1.1949,-0.9925,-1.1680,0.37231,0.53786,-18.28,74.00,118.19,0.5517
2262,TRACKING,-0.22702,-0.40355,0.14599,0.05595,0.29574,0.29840,1.33232,-0.85986,0.0916,0.512,1.3698,-0.9000,-0.9925,-0.7746,0.34124,0.54189,-13.17,74.00,129.44,0.4503
2272,TRACKING,-0.08992,-0.46772,0.25710,-0.01023,0.25685,0.28581,1.20162,-0.70952,0.0285,0.720,1.2144,-0.7208,-0.9925,-0.8528,0.29995,0.54746,-3.16,74.00,129.58,0.4816
2282,TRACKING,0.01384,-0.65788,0.35246,-0.24281,0.22348,0.20783,1.22765,-0.47384,0.0651,0.736,1.1976,-0.4987,-0.9925,-1.3569,0.26074,0.54644,0.00,74.00,90.74,0.7083
2292,TRACKING,0.20294,-0.74754,0.57307,-0.29185,0.20000,0.19066,1.17974,-0.37528,0.0291,0.660,1.1914,-0.3883,-0.9925,-1.3569,0.22082,0.53974,0.00,74.00,80.12,0.7940
2302,TRACKING,0.26736,-0.75246,0.62093,-0.28737,0.20000,0.19223,1.17433,-0.37707,0.0036,0.720,1.1755,-0.3804,-0.9925,-1.3569,0.22768,0.50403,0.00,74.00,73.38,0.8055
2312,TRACKING,0.32625,-0.74475,0.67560,-0.28050,0.20000,0.19464,1.16618,-0.37988,0.0009,0.632,1.1654,-0.3804,-0.9925,-1.3569,0.23253,0.46655,0.00,74.00,74.31,0.8204
2322,TRACKING,0.37759,-0.74440,0.72358,-0.27821,0.20000,0.19544,1.16349,-0.38083,0.0020,1.399,1.1654,-0.3804,-0.9925,-1.3569,0.23945,0.42020,0.00,74.00,76.97,0.8395
2332,LOST_SHORT,0.38480,-0.71444,0.70020,-0.22563,0.20000,0.21384,1.10631,-0.40531,0.0385,0.652,1.1274,-0.3960,-0.9925,-1.3569,0.23937,0.37554,0.00,74.00,117.97,0.0000
2342,LOST_SHORT,0.38480,-0.71444,0.70020,-0.22563,0.20000,0.21384,1.10631,-0.40531,0.0385,0.652,1.1274,-0.3960,-0.9925,-1.3569,0.22530,0.34069,0.00,74.00,131.84,0.0000
2352,LOST_LONG,0.38480,-0.71444,0.70020,-0.22563,0.20000,0.21384,1.10631,-0.40531,0.0385,0.652,1.1274,-0.3960,-0.9925,-1.3569,0.21440,0.29681,0.00,74.00,169.28,0.0000
2362,LOST_LONG,0.38480,-0.71444,0.70020,-0.22563,0.20000,0.21384,1.10631,-0.40531,0.0385,0.652,1.3387,-0.7293,-0.4357,-0.5956,0.21294,0.29244,0.00,74.00,12.08,0.0000
2372,LOST_LONG,0.38480,-0.71444,0.70020,-0.22563,0.20000,0.21384,1.10631,-0.40531,0.0385,0.652,1.4934,-0.9732,-0.0280,-0.0383,0.25237,0.28404,0.00,74.00,0.00,0.0000
2382,LOST_LONG,0.38480,-0.71444,0.70020,-0.22563,0.20000,0.21384,1.10631,-0.40531,0.0385,0.652,1.4934,-0.9773,-0.0123,-0.0128,0.29307,0.26881,0.00,74.00,140.64,0.0000
2392,LOST_LONG,0.38480,-0.71444,0.70020,-0.22563,0.20000,0.21384,1.10631,-0.40531,0.0385,0.652,1.4934,-0.9773,-0.0123,-0.0128,0.32394,0.26291,0.00,74.00,140.16,0.0000
2402,LOST_LONG,0.38480,-0.71444,0.70020,-0.22563,0.20000,0.21384,1.10631,-0.40531,0.0385,0.652,1.4934,-0.9773,-0.0123,-0.0128,0.33754,0.28775,0.00,74.00,173.83,0.0000
2412,LOST_LONG,0.38480,-0.71444,0.70020,-0.22563,0.20000,0.21384,1.10631,-0.40531,0.0385,0.652,1.4934,-0.9773,-0.0123,-0.0128,0.33707,0.28634,0.00,74.00,178.28,0.0000
2422,LOST_LONG,0.38480,-0.71444,0.70020,-0.22563,0.20000,0.21384,1.10631,-0.40531,0.0385,0.652,1.4934,-0.9773,-0.0123,-0.0128,0.33699,0.28617,0.00,74.00,132.01,0.0000
2432,LOST_LONG,0.38480,-0.71444,0.70020,-0.22563,0.20000,0.21384,1.10631,-0.40531,0.0385,0.652,1.4934,-0.9773,-0.0123,-0.0128,0.33699,0.28616,0.00,74.00,132.91,0.0000
2442,LOST_LONG,0.38480,-0.71444,0.70020,-0.22563,0.20000,0.21384,1.10631,-0.40531,0.0385,0.652,1.4934,-0.9773,-0.0123,-0.0128,0.33699,0.28617,0.00,74.00,114.90,0.0000
2452,LOST_LONG,0.38480,-0.71444,0.70020,-0.22563,0.20000,0.21384,1.10631,-0.40531,0.0385,0.652,1.4934,-0.9773,-0.0123,-0.0128,0.33698,0.28616,0.00,74.00,113.68,0.0000
2462,LOST_LONG,0.38480,-0.71444,0.70020,-0.22563,0.20000,0.21384,1.10631,-0.40531,0.0385,0.652,1.4934,-0.9773,-0.0123,-0.0128,0.33698,0.28615,0.00,74.00,113.96,0.0000
2472,LOST_LONG,0.38480,-0.71444,0.70020,-0.22563,0.20000,0.21384,1.10631,-0.40531,0.0385,0.652,1.4934,-0.9773,-0.0123,-0.0128,0.33698,0.28615,0.00,74.00,118.48,0.0000
2482,LOST_LONG,0.38480,-0.71444,0.70020,-0.22563,0.20000,0.21384,1.10631,-0.40531,0.0385,0.652,1.4934,-0.9773,-0.0123,-0.0128,0.33698,0.28615,0.00,74.00,131.25,0.0000
2492,LOST_LONG,0.38480,-0.71444,0.70020,-0.22563,0.20000,0.21384,1.10631,-0.40531,0.0385,0.652,1.4934,-0.9773,-0.0123,-0.0128,0.33698,0.28616,0.00,74.00,162.12,0.0000
2502,LOST_LONG,0.38480,-0.71444,0.70020,-0.22563,0.20000,0.21384,1.10631,-0.40531,0.0385,0.652,1.4934,-0.9773,-0.0123,-0.0128,0.33698,0.28616,0.00,74.00,135.88,0.0000
2512,LOST_LONG,0.38480,-0.71444,0.70020,-0.22563,0.20000,0.21384,1.10631,-0.40531,0.0385,0.652,1.4934,-0.9773,-0.0123,-0.0128,0.33698,0.28612,0.00,74.00,165.95,0.0000
2522,LOST_LONG,0.38480,-0.71444,0.70020,-0.22563,0.20000,0.21384,1.10631,-0.40531,0.0385,0.652,1.4934,-0.9773,-0.0123,-0.0128,0.33698,0.28615,0.00,74.00,164.12,0.0000
2532,LOST_LONG,0.38480,-0.71444,0.70020,-0.22563,0.20000,0.21384,1.10631,-0.40531,0.0385,0.652,1.4934,-0.9773,-0.0123,-0.0128,0.33698,0.28615,0.00,74.00,162.84,0.0000
2542,LOST_LONG,0.38480,-0.71444,0.70020,-0.22563,0.20000,0.21384,1.10631,-0.40531,0.0385,0.652,1.4934,-0.9773,-0.0123,-0.0128,0.33698,0.28615,0.00,74.00,161.66,0.0000
2552,LOST_LONG,0.38480,-0.71444,0.70020,-0.22563,0.20000,0.21384,1.10631,-0.40531,0.0385,0.652,1.4934,-0.9773,-0.0123,-0.0128,0.33699,0.28616,0.00,74.00,162.40,0.0000
2562,LOST_LONG,0.38480,-0.71444,0.70020,-0.22563,0.20000,0.21384,1.10631,-0.40531,0.0385,0.652,1.4934,-0.9773,-0.0123,-0.0128,0.33698,0.28615,0.00,74.00,153.48,0.0000
2572,LOST_LONG,0.38480,-0.71444,0.70020,-0.22563,0.20000,0.21384,1.10631,-0.40531,0.0385,0.652,1.4934,-0.9773,-0.0123,-0.0128,0.33698,0.28616,0.00,74.00,147.00,0.0000
2582,LOST_LONG,0.38480,-0.71444,0.70020,-0.22563,0.20000,0.21384,1.10631,-0.40531,0.0385,0.652,1.4934,-0.9773,-0.0123,-0.0128,0.33699,0.28616,0.00,74.00,102.71,0.0000
2592,LOST_LONG,0.38480,-0.71444,0.70020,-0.22563,0.20000,0.21384,1.10631,-0.40531,0.0385,0.652,1.4934,-0.9773,-0.0123,-0.0128,0.33698,0.28614,0.00,74.00,106.61,0.0000
2602,LOST_LONG,0.38480,-0.71444,0.70020,-0.22563,0.20000,0.21384,1.10631,-0.40531,0.0385,0.652,1.4934,-0.9773,-0.0123,-0.0128,0.33698,0.28614,0.00,74.00,96.39,0.0000
2612,LOST_LONG,0.38480,-0.71444,0.70020,-0.22563,0.20000,0.21384,1.10631,-0.40531,0.0385,0.652,1.4934,-0.9773,-0.0123,-0.0128,0.33698,0.28616,0.00,74.00,100.86,0.0000
2622,LOST_LONG,0.38480,-0.71444,0.70020,-0.22563,0.20000,0.21384,1.10631,-0.40531,0.0385,0.652,1.4934,-0.9773,-0.0123,-0.0128,0.33698,0.28615,0.00,74.00,95.19,0.0000
2632,LOST_LONG,0.38480,-0.71444,0.70020,-0.22563,0.20000,0.21384,1.10631,-0.40531,0.0385,0.652,1.4934,-0.9773,-0.0123,-0.0128,0.33698,0.28615,0.00,74.00,94.90,0.0000
2642,LOST_LONG,0.38480,-0.71444,0.70020,-0.22563,0.20000,0.21384,1.10631,-0.40531,0.0385,0.652,1.4934,-0.9773,-0.0123,-0.0128,0.33698,0.28616,0.00,74.00,94.27,0.0000
2652,LOST_LONG,0.38480,-0.71444,0.70020,-0.22563,0.20000,0.21384,1.10631,-0.40531,0.0385,0.652,1.4934,-0.9773,-0.0123,-0.0128,0.33698,0.28615,0.00,74.00,95.13,0.0000
2662,LOST_LONG,0.38480,-0.71444,0.70020,-0.22563,0.20000,0.21384,1.10631,-0.40531,0.0385,0.652,1.4934,-0.9773,-0.0123,-0.0128,0.33698,0.28616,0.00,74.00,93.42,0.0000
2672,LOST_LONG,0.38480,-0.71444,0.70020,-0.22563,0.20000,0.21384,1.10631,-0.40531,0.0385,0.652,1.4934,-0.9773,-0.0123,-0.0128,0.33698,0.28613,0.00,74.00,96.62,0.0000
2682,LOST_LONG,0.38480,-0.71444,0.70020,-0.22563,0.20000,0.21384,1.10631,-0.40531,0.0385,0.652,1.4934,-0.9773,-0.0123,-0.0128,0.33698,0.28614,0.00,74.00,93.60,0.0000
2692,LOST_LONG,0.38480,-0.71444,0.70020,-0.22563,0.20000,0.21384,1.10631,-0.40531,0.0385,0.652,1.4934,-0.9773,-0.0123,-0.0128,0.33698,0.28614,0.00,74.00,94.63,0.0000
2702,LOST_LONG,0.38480,-0.71444,0.70020,-0.22563,0.20000,0.21384,1.10631,-0.40531,0.0385,0.652,1.4934,-0.9773,-0.0123,-0.0128,0.33699,0.28616,0.00,74.00,97.21,0.0000
2712,LOST_LONG,0.38480,-0.71444,0.70020,-0.22563,0.20000,0.21384,1.10631,-0.40531,0.0385,0.652,1.4934,-0.9773,-0.0123,-0.0128,0.33698,0.28615,0.00,74.00,93.36,0.0000
2722,LOST_LONG,0.38480,-0.71444,0.70020,-0.22563,0.20000,0.21384,1.10631,-0.40531,0.0385,0.652,1.4934,-0.9773,-0.0123,-0.0128,0.33698,0.28615,0.00,74.00,92.12,0.0000
2732,LOST_LONG,0.38480,-0.71444,0.70020,-0.22563,0.20000,0.21384,1.10631,-0.40531,0.0385,0.652,1.4934,-0.9773,-0.0123,-0.0128,0.33699,0.28616,0.00,74.00,97.40,0.0000
2742,LOST_LONG,0.38480,-0.71444,0.70020,-0.22563,0.20000,0.21384,1.10631,-0.40531,0.0385,0.652,1.4934,-0.9773,-0.0123,-0.0128,0.33698,0.28615,0.00,74.00,97.50,0.0000
2752,LOST_LONG,0.38480,-0.71444,0.70020,-0.22563,0.20000,0.21384,1.10631,-0.40531,0.0385,0.652,1.4934,-0.9773,-0.0123,-0.0128,0.33698,0.28615,0.00,74.00,94.57,0.0000
2762,LOST_LONG,0.38480,-0.71444,0.70020,-0.22563,0.20000,0.21384,1.10631,-0.40531,0.0385,0.652,1.4934,-0.9773,-0.0123,-0.0128,0.33698,0.28615,0.00,74.00,92.25,0.0000
2772,LOST_LONG,0.38480,-0.71444,0.70020,-0.22563,0.20000,0.21384,1.10631,-0.40531,0.0385,0.652,1.4934,-0.9773,-0.0123,-0.0128,0.33698,0.28615,0.00,74.00,94.06,0.0000
2782,LOST_LONG,0.38480,-0.71444,0.70020,-0.22563,0.20000,0.21384,1.10631,-0.40531,0.0385,0.652,1.4934,-0.9773,-0.0123,-0.0128,0.33698,0.28615,0.00,74.00,101.01,0.0000
2792,LOST_LONG,0.38480,-0.71444,0.70020,-0.22563,0.20000,0.21384,1.10631,-0.40531,0.0385,0.652,1.4934,-0.9773,-0.0123,-0.0128,0.33699,0.28617,0.00,74.00,97.96,0.0000
2802,LOST_LONG,0.38480,-0.71444,0.70020,-0.22563,0.20000,0.21384,1.10631,-0.40531,0.0385,0.652,1.4934,-0.9773,-0.0123,-0.0128,0.33698,0.28615,0.00,74.00,96.45,0.0000
2812,LOST_LONG,0.38480,-0.71444,0.70020,-0.22563,0.20000,0.21384,1.10631,-0.40531,0.0385,0.652,1.4934,-0.9773,-0.0123,-0.0128,0.33698,0.28615,0.00,74.00,103.32,0.0000
2822,LOST_LONG,0.38480,-0.71444,0.70020,-0.22563,0.20000,0.21384,1.10631,-0.40531,0.0385,0.652,1.4934,-0.9773,-0.0123,-0.0128,0.33699,0.28617,0.00,74.00,103.89,0.0000
2832,LOST_LONG,0.38480,-0.71444,0.70020,-0.22563,0.20000,0.21384,1.10631,-0.40531,0.0385,0.652,1.4934,-0.9773,-0.0123,-0.0128,0.33698,0.28616,0.00,74.00,99.48,0.0000
2842,LOST_LONG,0.38480,-0.71444,0.70020,-0.22563,0.20000,0.21384,1.10631,-0.40531,0.0385,0.652,1.4934,-0.9773,-0.0123,-0.0128,0.33699,0.28617,0.00,74.00,93.28,0.0000
2852,LOST_LONG,0.38480,-0.71444,0.70020,-0.22563,0.20000,0.21384,1.10631,-0.40531,0.0385,0.652,1.4934,-0.9773,-0.0123,-0.0128,0.33699,0.28616,0.00,74.00,98.99,0.0000
2862,LOST_LONG,0.38480,-0.71444,0.70020,-0.22563,0.20000,0.21384,1.10631,-0.40531,0.0385,0.652,1.4934,-0.9773,-0.0123,-0.0128,0.33698,0.28615,0.00,74.00,94.38,0.0000
2872,LOST_LONG,0.38480,-0.71444,0.70020,-0.22563,0.20000,0.21384,1.10631,-0.40531,0.0385,0.652,1.4934,-0.9773,-0.0123,-0.0128,0.33698,0.28616,0.00,74.00,93.70,0.0000
2882,LOST_LONG,0.38480,-0.71444,0.70020,-0.22563,0.20000,0.21384,1.10631,-0.40531,0.0385,0.652,1.4934,-0.9773,-0.0123,-0.0128,0.33698,0.28615,0.00,74.00,98.09,0.0000
2892,LOST_LONG,0.38480,-0.71444,0.70020,-0.22563,0.20000,0.21384,1.10631,-0.40531,0.0385,0.652,1.4934,-0.9773,-0.0123,-0.0128,0.33698,0.28615,0.00,74.00,100.57,0.0000
2902,LOST_LONG,0.38480,-0.71444,0.70020,-0.22563,0.20000,0.21384,1.10631,-0.40531,0.0385,0.652,1.4934,-0.9773,-0.0123,-0.0128,0.33699,0.28617,0.00,74.00,97.64,0.0000
2912,LOST_LONG,0.38480,-0.71444,0.70020,-0.22563,0.20000,0.21384,1.10631,-0.40531,0.0385,0.652,1.4934,-0.9773,-0.0123,-0.0128,0.33698,0.28615,0.00,74.00,94.21,0.0000
2922,LOST_LONG,0.38480,-0.71444,0.70020,-0.22563,0.20000,0.21384,1.10631,-0.40531,0.0385,0.652,1.4934,-0.9773,-0.0123,-0.0128,0.33699,0.28616,0.00,74.00,99.87,0.0000
2932,LOST_LONG,0.38480,-0.71444,0.70020,-0.22563,0.20000,0.21384,1.10631,-0.40531,0.0385,0.652,1.4934,-0.9773,-0.0123,-0.0128,0.33698,0.28616,0.00,74.00,86.20,0.0000
2942,LOST_LONG,0.38480,-0.71444,0.70020,-0.22563,0.20000,0.21384,1.10631,-0.40531,0.0385,0.652,1.4934,-0.9773,-0.0123,-0.0128,0.33698,0.28615,0.00,74.00,89.17,0.0000
2952,LOST_LONG,0.38480,-0.71444,0.70020,-0.22563,0.20000,0.21384,1.10631,-0.40531,0.0385,0.652,1.4934,-0.9773,-0.0123,-0.0128,0.33699,0.28617,0.00,74.00,98.33,0.0000
2962,LOST_SHORT,-0.62577,-0.50663,-0.29026,-0.02062,0.43443,0.28559,1.82105,-1.36912,0.3068,0.578,1.7068,-1.2248,-0.0123,-0.0128,0.33752,0.28612,0.00,0.00,74.80,0.0000
2972,TRACKING,-0.75116,-0.10832,-0.42326,0.40691,0.47000,0.42123,1.91045,-1.89054,0.0816,0.723,1.9034,-1.8421,-0.0617,-0.1293,0.38092,0.27952,-10.26,-10.26,86.83,0.7592
2982,TRACKING,-0.83046,0.15538,-0.49259,0.65559,0.47000,0.50000,2.01869,-2.28603,0.0566,0.656,2.0084,-2.2537,-0.0444,-0.0167,0.42180,0.27341,-16.40,-15.40,72.14,0.8479
2992,TRACKING,-0.84526,0.23192,-0.50565,0.70589,0.47000,0.50000,2.01869,-2.28603,0.0093,0.967,2.0125,-2.2791,-0.0157,0.0113,0.45759,0.25124,-18.31,-17.42,69.68,0.8731
3002,TRACKING,-0.83285,0.02815,-0.51305,0.50640,0.47000,0.45605,1.93995,-2.03540,0.0762,0.641,1.9323,-1.9899,0.0288,0.3879,0.48183,0.25831,-30.63,-23.73,57.86,0.8477
3012,TRACKING,-0.71035,0.16646,-0.27049,0.71857,0.42751,0.50000,1.80735,-1.98785,0.1667,0.857,1.8830,-2.0533,0.1832,-0.4304,0.48424,0.31749,-43.74,-39.37,109.04,0.6551
3022,LOST_SHORT,-0.71035,0.16646,-0.27049,0.71857,0.42751,0.50000,1.80735,-1.98785,0.1667,0.857,1.8830,-2.0533,0.1832,-0.4304,0.46367,0.39692,0.00,-39.37,53.43,0.0000
3032,LOST_LONG,-0.71035,0.16646,-0.27049,0.71857,0.42751,0.50000,1.80735,-1.98785,0.1667,0.857,1.8830,-2.0533,0.1832,-0.4304,0.45754,0.44469,0.00,-39.37,83.74,0.0000
3042,LOST_LONG,-0.71035,0.16646,-0.27049,0.71857,0.42751,0.50000,1.80735,-1.98785,0.1667,0.857,1.7920,-1.7981,0.1392,-0.3271,0.45122,0.47140,0.00,-39.37,47.87,0.0000
3052,LOST_LONG,-0.71035,0.16646,-0.27049,0.71857,0.42751,0.50000,1.80735,-1.98785,0.1667,0.857,1.5225,-1.0420,0.0118,-0.0210,0.42291,0.49425,0.00,-39.37,54.39,0.0000
3062,LOST_LONG,-0.71035,0.16646,-0.27049,0.71857,0.42751,0.50000,1.80735,-1.98785,0.1667,0.857,1.5147,-1.0032,0.0118,-0.0121,0.38401,0.50806,0.00,-39.37,76.03,0.0000
3072,LOST_LONG,-0.71035,0.16646,-0.27049,0.71857,0.42751,0.50000,1.80735,-1.98785,0.1667,0.857,1.5147,-1.0032,0.0118,-0.0121,0.35156,0.50666,0.00,-39.37,76.88,0.0000
3082,LOST_LONG,-0.71035,0.16646,-0.27049,0.71857,0.42751,0.50000,1.80735,-1.98785,0.1667,0.857,1.5147,-1.0032,0.0118,-0.0121,0.36092,0.46037,0.00,-39.37,84.16,0.0000
3092,LOST_LONG,-0.71035,0.16646,-0.27049,0.71857,0.42751,0.50000,1.80735,-1.98785,0.1667,0.857,1.5147,-1.0032,0.0118,-0.0121,0.36508,0.41111,0.00,-39.37,92.88,0.0000
3102,LOST_LONG,-0.71035,0.16646,-0.27049,0.71857,0.42751,0.50000,1.80735,-1.98785,0.1667,0.857,1.5147,-1.0032,0.0118,-0.0121,0.36224,0.36284,0.00,-39.37,77.05,0.0000
3112,LOST_LONG,-0.71035,0.16646,-0.27049,0.71857,0.42751,0.50000,1.80735,-1.98785,0.1667,0.857,1.5147,-1.0032,0.0118,-0.0121,0.35243,0.31476,0.00,-39.37,108.11,0.0000
3122,TRACKING,-0.52701,0.22515,-0.17785,0.69181,0.39509,0.50000,1.67432,-1.81977,0.0370,0.647,1.6800,-1.7983,-0.2707,-1.2793,0.36488,0.29559,6.05,7.28,115.57,0.5595
3132,TRACKING,-0.59202,0.21050,-0.36223,0.66385,0.45962,0.50000,1.96037,-2.19990,0.4190,0.802,1.8105,-1.9980,-0.2555,-1.4938,0.40244,0.32123,0.00,4.21,59.03,0.7237
3142,TRACKING,-0.84617,0.24790,-0.51833,0.72513,0.47000,0.50000,2.01869,-2.28603,0.0099,1.083,2.0129,-2.2812,-0.0277,-1.4938,0.43574,0.31651,-18.80,-18.02,60.70,0.8908
3152,TRACKING,-0.81397,0.31833,-0.47456,0.79597,0.47000,0.50000,2.01869,-2.28603,0.0076,1.122,2.0129,-2.2812,0.0975,-1.4938,0.46741,0.28114,-32.75,-29.50,64.16,0.8733
3162,TRACKING,-0.80662,0.36332,-0.47548,0.83484,0.47000,0.50000,2.01869,-2.28603,0.0076,1.116,2.0129,-2.2812,0.1375,-1.4938,0.48568,0.27669,-31.82,-30.72,58.04,0.8896
3172,TRACKING,-0.73082,0.34993,-0.37436,0.83245,0.46386,0.50000,1.98345,-2.23363,0.0451,0.749,1.9979,-2.2565,0.2878,-1.3310,0.49344,0.31862,-50.43,-47.25,80.93,0.7976
3182,TRACKING,-0.70099,0.39078,-0.36013,0.85145,0.45888,0.50000,1.95646,-2.19424,0.0290,0.982,1.9660,-2.2088,0.4951,-0.6064,0.49009,0.34973,-61.45,-63.39,81.08,0.7941
3192,TRACKING,-0.75003,0.42640,-0.41264,0.89095,0.47000,0.50000,2.01869,-2.28603,0.0097,1.117,2.0114,-2.2796,0.5579,-0.7552,0.48347,0.38445,-69.03,-69.07,69.04,0.8592
3202,TRACKING,-0.77489,0.43827,-0.41783,0.88288,0.47000,0.50000,2.01869,-2.28603,0.0097,1.055,2.0114,-2.2796,0.5955,-0.6895,0.47827,0.42249,-73.76,-72.61,83.90,0.8598
3212,TRACKING,-0.74278,0.41151,-0.40929,0.87527,0.47000,0.50000,2.01869,-2.28603,0.0191,1.108,2.0123,-2.2766,0.5585,-0.6356,0.46664,0.44779,-70.70,-69.00,79.92,0.8486
3222,TRACKING,-0.75028,0.45134,-0.40962,0.91782,0.47000,0.50000,2.01869,-2.28603,0.0086,1.147,2.0123,-2.2804,0.5484,0.1639,0.47215,0.45111,71.42,-67.23,78.79,0.8703
3232,TRACKING,-0.72274,0.37366,-0.38204,0.82887,0.46655,0.50000,1.99859,-2.25601,0.0227,0.746,2.0068,-2.2669,0.5484,-1.1431,0.47239,0.45189,80.68,-67.23,83.94,0.8028
3242,TRACKING,-0.70736,0.34378,-0.36439,0.80590,0.46038,0.50000,1.96441,-2.20578,0.0403,0.723,1.9787,-2.2253,0.5484,-1.4940,0.47186,0.45128,82.35,-67.23,89.50,0.7768
3252,TRACKING,-0.69602,0.33217,-0.35968,0.79377,0.45873,0.50000,1.95563,-2.19304,0.0163,1.018,1.9613,-2.2010,0.5484,-1.4940,0.46346,0.45044,0.00,-67.23,91.26,0.7673
3262,TRACKING,-0.70151,0.34211,-0.37208,0.81041,0.46307,0.50000,1.97903,-2.22714,0.0221,0.719,1.9708,-2.2167,0.5484,-1.4940,0.46359,0.45101,83.00,-67.23,85.70,0.7856
3272,TRACKING,-0.79780,0.41388,-0.47756,0.92151,0.47000,0.50000,2.01869,-2.28603,0.0087,1.061,2.0122,-2.2803,0.3692,-0.1896,0.47163,0.45083,-16.90,-37.89,39.81,0.9308
3282,LOST_SHORT,-0.74488,0.37874,-0.39096,0.82971,0.46967,0.50000,2.01676,-2.28313,0.0054,1.066,2.0122,-2.2803,0.4027,0.0659,0.47405,0.46783,0.00,-59.33,83.21,0.0000
3292,TRACKING,-0.73530,0.37239,-0.39418,0.83798,0.47000,0.50000,2.01869,-2.28603,0.0100,1.046,2.0108,-2.2799,0.4899,-0.3653,0.47339,0.46018,-63.58,-62.92,80.88,0.8178
3302,TRACKING,-0.71759,0.38146,-0.38850,0.84773,0.46881,0.50000,2.01168,-2.27553,0.0239,0.744,2.0037,-2.2636,0.4798,-0.4240,0.46899,0.45661,-61.37,-60.82,76.56,0.8172
3312,TRACKING,-0.73182,0.37716,-0.39893,0.84542,0.47000,0.50000,2.01869,-2.28603,0.0078,1.084,2.0133,-2.2804,0.4744,-0.3516,0.47286,0.45726,-62.79,-61.71,75.05,0.8254
3322,TRACKING,-0.71085,0.36530,-0.37930,0.82709,0.46559,0.50000,1.99314,-2.24794,0.0175,0.742,1.9871,-2.2394,0.4934,-0.3155,0.47243,0.45735,-61.84,-62.79,80.22,0.7996
3332,TRACKING,-0.73920,0.37235,-0.41222,0.83445,0.47000,0.50000,2.01869,-2.28603,0.0077,1.120,2.0130,-2.2809,0.4925,-0.3145,0.47192,0.45603,-63.94,-63.17,74.99,0.8323
3342,TRACKING,-0.79606,0.38636,-0.46948,0.80242,0.47000,0.50000,2.01869,-2.28603,0.0077,1.067,2.0130,-2.2809,0.2811,1.1678,0.47412,0.46421,0.00,-35.78,69.48,0.8711
3352,TRACKING,-0.75793,0.27837,-0.42231,0.73924,0.47000,0.50000,2.01869,-2.28603,0.0077,1.067,2.0130,-2.2809,0.2054,-1.1522,0.47404,0.47599,80.09,-35.78,82.46,0.8041
3362,TRACKING,-0.76360,0.27321,-0.43454,0.73853,0.47000,0.50000,2.01869,-2.28603,0.0077,1.072,2.0130,-2.2809,0.2009,-1.4942,0.47323,0.48320,85.86,-35.78,78.91,0.8154
3372,TRACKING,-0.76682,0.28037,-0.42964,0.74811,0.47000,0.50000,2.01869,-2.28603,0.0077,1.112,2.0130,-2.2809,0.2009,-1.4942,0.47322,0.48325,83.82,-35.78,79.83,0.8141
3382,TRACKING,-0.79747,0.27307,-0.47245,0.73990,0.47000,0.50000,2.01869,-2.28603,0.0077,1.086,2.0130,-2.2809,0.2009,-1.4942,0.47320,0.48329,0.00,-35.78,67.49,0.8516
3392,TRACKING,-0.78025,0.41380,-0.44189,0.88159,0.47000,0.50000,2.01869,-2.28603,0.0077,1.082,2.0130,-2.2809,0.0182,-0.1803,0.47058,0.49510,-41.62,-27.54,60.27,0.8803
3402,TRACKING,-0.74776,0.37842,-0.40113,0.83940,0.47000,0.50000,2.01869,-2.28603,0.0077,1.197,2.0130,-2.2809,0.4182,-0.0728,0.47164,0.49113,-59.56,-58.25,74.80,0.8246
3412,TRACKING,-0.76239,0.40075,-0.43885,0.87217,0.47000,0.50000,2.01869,-2.28603,0.0077,1.105,2.0130,-2.2809,0.4428,-0.2149,0.47418,0.47351,-59.81,-58.79,64.16,0.8732
3422,TRACKING,-0.76133,0.40713,-0.40934,0.86173,0.47000,0.50000,2.01869,-2.28603,0.0077,1.093,2.0130,-2.2809,0.4914,-0.2358,0.47366,0.45874,-61.12,-62.42,76.19,0.8422
3432,TRACKING,-0.71301,0.37277,-0.37869,0.83579,0.46538,0.50000,1.99193,-2.24615,0.0020,0.727,1.9906,-2.2477,0.5145,-0.1551,0.46872,0.45619,-67.61,-65.91,79.98,0.8030
3442,TRACKING,-0.77942,0.39962,-0.45659,0.86336,0.47000,0.50000,2.01869,-2.28603,0.0078,1.099,2.0126,-2.2811,0.6810,-0.0601,0.47160,0.45009,-88.90,-82.89,61.33,0.8849
3452,TRACKING,-0.73163,0.36854,-0.39425,0.82873,0.47000,0.50000,2.01869,-2.28603,0.0083,1.103,2.0121,-2.2810,0.8129,0.0513,0.46763,0.43506,-95.06,-93.33,79.62,0.8136
3462,TRACKING,-0.72293,0.38996,-0.38024,0.85971,0.46592,0.50000,1.99499,-2.25068,0.0318,0.726,2.0053,-2.2668,0.8936,0.1707,0.46315,0.42668,-101.36,-100.06,81.20,0.8157
3472,TRACKING,-0.65420,0.38496,-0.30502,0.85073,0.43960,0.50000,1.86150,-2.06059,0.0612,0.849,1.8830,-2.0904,0.8925,0.3456,0.45096,0.42375,-97.89,-98.02,95.48,0.7460
3482,TRACKING,-0.62604,0.38150,-0.29961,0.84517,0.43770,0.50000,1.85279,-2.04872,0.0358,0.843,1.8399,-2.0315,0.8514,0.5601,0.42197,0.43808,-92.13,-93.93,90.74,0.7385
